Time,ID,Lat,Lon,Alt,#WiFi networks,SSID1,MAC1,Frequncy1,Signal1,SSID2,MAC2,Frequncy2,Signal2,SSID3,MAC3,Frequncy3,Signal3,SSID4,MAC4,Frequncy4,Signal4,SSID5,MAC5,Frequncy5,Signal5,SSID6,MAC6,Frequncy6,Signal6,SSID7,MAC7,Frequncy7,Signal7,SSID8,MAC8,Frequncy8,Signal8,SSID9,MAC9,Frequncy9,Signal9,SSID10,MAC10,Frequncy10,Signal10
2017-11-01 11:31:09,LG-D855,32.10269733,35.20702988,700,10,Redmi,04:b1:67:ac:28:a5,6,-73,Afikim_Wifi,00:1a:dd:f4:f5:c5,8,-76,,00:1a:dd:f4:f5:c4,8,-76,Moria,d8:fe:e3:03:5a:31,6,-78,Ariel_University,ec:8c:a2:08:77:48,6,-78,Ariel_University,ec:8c:a2:08:77:4c,52,-80,Ariel_University,ec:8c:a2:08:99:68,11,-80,,ec:8c:a2:88:77:47,52,-81,Ariel_University,ec:8c:a2:08:99:6c,36,-83,,ec:8c:a2:88:99:67,36,-83
2017-11-01 11:31:15,LG-D855,32.10278108,35.20704321,699,4,,00:1a:dd:f4:f5:c4,8,-71,Nadav,14:ae:db:46:62:2d,6,-86,DIRECT-56-HP DeskJet 3630 series,30:e1:71:0d:e0:57,6,-86,DIRECT-78-HP DeskJet 3630 series,30:e1:71:0d:e0:79,6,-87
2017-11-01 11:31:21,LG-D855,32.1027353,35.20707587,697,5,Afikim_Wifi,00:1a:dd:f4:f5:c5,8,-68,Hot pot12,e8:d1:1b:73:4f:33,1,-88,omer,a0:ab:1b:64:12:fa,9,-88,Cellcom-WiFi_0123,a0:4f:d4:3a:a0:e1,1,-88,AUC_51_3,00:27:19:e3:2d:fe,1,-88
2017-11-01 11:31:33,LG-D855,32.1027295,35.20707285,697,6,Ariel_University,1c:b9:c4:16:f1:98,1,-78,Afikim_Wifi,00:1a:dd:f4:fc:85,13,-79,,00:1a:dd:f4:fc:84,13,-79,KCG_54,00:25:86:cc:07:b2,2,-87,Ariel_University,ec:8c:a2:09:03:38,1,-88,Ariel_University,ec:8c:a2:08:94:18,1,-90
2017-11-01 11:31:39,LG-D855,32.10271852,35.20706998,693,1,Ariel_University,ec:8c:a2:09:84:f8,1,-86
2017-11-01 11:31:51,LG-D855,32.10269853,35.20703486,687,2,Ariel_University,1c:b9:c4:15:36:88,6,-89,,00:25:86:cb:fd:f8,9,-89
2017-11-01 11:31:57,LG-D855,32.10269876,35.20703539,687,3,Ariel_University,1c:b9:c4:16:f1:9c,36,-88,Ariel_University,ec:8c:a2:08:a9:3c,36,-91,Ariel_University,ec:8c:a2:09:93:b8,11,-90
2017-11-01 11:32:03,LG-D855,32.10269878,35.20703655,687,1,aharon,14:ae:db:4d:d3:ed,6,-90
2017-11-01 11:32:24,LG-D855,32.10269702,35.20701421,676,3,tanya,14:ae:db:3a:64:05,11,-90,BezeqFree,06:ae:db:3a:64:05,11,-91,dina,a0:ab:1b:58:2c:06,6,-92
2017-11-01 11:32:35,LG-D855,32.1026929,35.2070167,676,2,Moria,d8:fe:e3:03:5a:31,6,-73,Ariel_University,1c:b9:c4:16:f4:78,1,-87
2017-11-01 11:32:42,LG-D855,32.10269021,35.20701611,676,1,Ariel_University,1c:b9:c4:16:06:38,11,-92
2017-11-01 11:33:02,LG-D855,32.10265687,35.20700723,676,1,AUC_51_3,00:27:19:e3:2d:fe,1,-83
2017-11-01 11:33:15,LG-D855,32.10265652,35.20700739,676,1,TP-LINK_82CB2E,64:70:02:82:cb:2e,11,-88
2017-11-01 11:33:29,LG-D855,32.10265662,35.2070071,676,2,netbox-550b,00:12:2a:39:2c:3c,1,-84,Zyxel5eff66,5c:6a:80:5e:ff:66,1,-90
2017-11-01 11:33:39,LG-D855,32.10265578,35.20700718,676,1,Home,10:be:f5:a7:b4:f4,9,-92
2017-11-01 11:34:00,LG-D855,32.10265433,35.20700801,676,1,4GWiFi-05631,08:97:58:66:00:5a,6,-92
2017-11-01 11:34:13,LG-D855,32.10265419,35.2070079,676,1,Sveta,d0:0f:6d:f1:35:2f,4,-87
2017-11-01 11:34:17,LG-D855,32.10265421,35.20700783,676,1,DIRECT-75-HP OfficeJet 3830,98:e7:f4:7b:eb:52,1,-82
2017-11-01 11:34:38,LG-D855,32.10265432,35.20700751,676,1,afikim-wifi,00:1a:dd:e3:06:04,1,-66
2017-11-01 11:35:06,LG-D855,32.10265242,35.20703977,677,1,Ariel_University,ec:8c:a2:09:03:38,1,-83
2017-11-01 11:35:16,LG-D855,32.10264295,35.20703874,676,1,,ec:8c:a2:89:03:37,44,-88
2017-11-01 11:35:52,LG-D855,32.10264034,35.20703307,672,1,wifi in car-0724,08:97:58:33:43:d0,4,-67
2017-11-01 11:36:17,LG-D855,32.10264191,35.2070325,672,3,Ariel_University,ec:8c:a2:09:03:3c,44,-85,AUC,54:e6:fc:a4:a9:2a,1,-85,,00:02:6f:8e:64:67,1,-85
2017-11-01 11:36:27,LG-D855,32.10264676,35.20702618,673,1,Ariel_University,ec:8c:a2:08:96:48,11,-88
2017-11-01 11:37:04,LG-D855,32.10264197,35.20703471,673,1,,00:02:6f:b8:c4:1a,11,-90
2017-11-01 11:37:28,LG-D855,32.10264423,35.20703748,672,1,AUC_51_3,00:27:19:e3:2d:fe,1,-78
2017-11-01 11:38:58,LG-D855,32.10267039,35.20701968,672,2,AndroidAP,d6:d2:7e:be:30:9c,6,-76,BezeqFree,06:ae:db:3a:64:05,11,-86
2017-11-01 11:39:15,LG-D855,32.10267575,35.20701967,672,1,Home,10:be:f5:a7:b4:f4,9,-87
2017-11-01 11:39:20,LG-D855,32.10267784,35.20702575,672,1,afikim-wifi,00:1a:dd:e2:dd:44,1,-80
2017-11-01 11:39:28,LG-D855,32.10268193,35.20704632,671,1,afikim-wifi,00:1a:dd:e2:dd:44,1,-68
2017-11-01 11:39:53,LG-D855,32.10266823,35.2070381,669,1,tomer,00:90:8f:43:1c:b4,11,-87
2017-11-01 11:40:47,LG-D855,32.10266752,35.20703667,669,2,,00:1a:dd:f5:06:a4,13,-76,Afikim_Wifi,00:1a:dd:f5:06:a5,13,-77
2017-11-01 11:41:39,LG-D855,32.10266741,35.2070349,670,1,victoria,00:8c:54:90:ce:d1,1,-87
2017-11-01 11:41:46,LG-D855,32.1026657,35.20703245,670,3,aharon,14:ae:db:4d:d3:ed,6,-84,elisusann947,a0:ab:1b:58:39:8a,5,-85,vladimir,00:0e:f4:c1:50:14,11,-89
2017-11-01 11:42:01,LG-D855,32.10266187,35.20702818,671,1,Ariel_University,1c:b9:c4:14:2b:18,11,-85
2017-11-01 11:42:11,LG-D855,32.10266206,35.20702839,671,1,tanya,14:ae:db:3a:64:05,11,-85
2017-11-01 11:44:46,LG-D855,32.10264988,35.20701583,670,1,surikat,14:ae:db:32:52:12,5,-91
2017-11-01 11:45:10,LG-D855,32.10265289,35.20701401,671,2,,00:1a:dd:f4:e1:44,13,-78,Afikim_Wifi,00:1a:dd:f4:e1:45,13,-78
2017-11-01 11:45:28,LG-D855,32.10265616,35.20700012,671,1,,00:02:6f:b8:c4:1a,11,-85
2017-11-01 11:46:36,LG-D855,32.1026685,35.20701177,672,1,Celcom WiFi-623d,f8:01:13:85:62:3d,11,-78
2017-11-01 11:46:42,LG-D855,32.10266849,35.20701178,672,1,,ec:8c:a2:88:a3:b7,52,-88
2017-11-01 11:46:48,LG-D855,32.10266849,35.20701179,672,1,Afikim_Wifi,00:1a:dd:f5:03:65,10,-80
2017-11-01 11:46:54,LG-D855,32.10266851,35.20701186,672,3,Bezeq_k,90:8d:78:52:78:78,9,-88,BezeqFree,62:8d:78:52:78:79,9,-90,,00:1a:dd:f5:03:64,10,-76
2017-11-01 11:47:18,LG-D855,32.10266875,35.20701219,672,1,,00:25:86:cb:fd:f8,9,-82
2017-11-01 11:47:36,LG-D855,32.10266563,35.20701104,672,1,HUAWEI-CA5F,48:db:50:34:ca:5f,9,-92
2017-11-01 11:47:48,LG-D855,32.10265728,35.20701841,672,1,BEZEQINT-5E39,14:ae:db:4c:5e:3d,6,-89
2017-11-01 11:48:12,LG-D855,32.10265514,35.20702078,672,2,Afikim_Wifi,00:1a:dd:f5:03:65,10,-69,,00:1a:dd:f5:03:64,10,-69
2017-11-01 11:48:18,LG-D855,32.10265511,35.20702075,672,1,Ariel_University,1c:b9:c4:16:06:38,11,-83
2017-11-01 11:48:36,LG-D855,32.10265511,35.20702089,672,1,Nadav,14:ae:db:46:62:2d,6,-81
2017-11-01 11:49:36,LG-D855,32.10266984,35.20701453,678,1,AndroidAP,c0:ee:fb:42:26:c3,6,-81
2017-11-01 11:49:42,LG-D855,32.10266985,35.20701466,678,1,Afikim 924,00:1a:dd:f5:c2:64,1,-80
2017-11-01 11:49:48,LG-D855,32.10266991,35.20701472,678,1,Afikim 924,00:1a:dd:f5:c2:64,1,-63
2017-11-01 11:50:12,LG-D855,32.10266978,35.2070147,678,1,NIPPON_4994,08:97:58:33:0f:ae,2,-78
2017-11-01 11:50:54,LG-D855,32.10266958,35.20701423,678,1,AUC_54_R,00:25:86:cc:00:f8,5,-77
2017-11-01 11:51:20,LG-D855,32.10263805,35.20699513,678,2,KCG_54,00:25:86:cc:07:b2,2,-81,Ariel_University,1c:b9:c4:16:d2:88,11,-90
2017-11-01 11:52:33,LG-D855,32.10263248,35.20698375,679,1,HUAWEI-CA5F,48:db:50:34:ca:5f,9,-86
2017-11-01 11:52:51,LG-D855,32.10263303,35.20698389,679,1,DR650S-818C42,00:25:42:81:8c:42,1,-82
2017-11-01 11:54:27,LG-D855,32.10263398,35.20698471,679,1,Afikim-923,00:1a:dd:f5:e8:44,1,-77
2017-11-01 11:54:56,LG-D855,32.10264481,35.20701965,676,1,surikat,14:ae:db:32:52:12,5,-82
2017-11-01 11:55:08,LG-D855,32.10264589,35.20702111,676,1,Cellcom-WiFi_0123,a0:4f:d4:3a:a0:e1,1,-81
2017-11-01 11:55:20,LG-D855,32.1026482,35.20701446,676,1,DIRECT-78-HP DeskJet 3630 series,30:e1:71:0d:e0:79,6,-82
2017-11-01 11:55:32,LG-D855,32.10265251,35.20700779,676,1,Ariel_University,ec:8c:a2:09:84:f8,1,-80
2017-11-01 11:56:08,LG-D855,32.10265155,35.20700723,677,1,afikim-wifi,00:1a:dd:e2:dc:a4,1,-79
2017-11-01 11:56:20,LG-D855,32.10265135,35.20700728,677,1,afikim-wifi,00:1a:dd:e2:dc:a4,1,-71
2017-11-01 11:57:44,LG-D855,32.10265141,35.20700713,677,1,afikim-wifi,00:1a:dd:e2:dc:a4,1,-58
2017-11-01 11:58:32,LG-D855,32.10265175,35.20700684,677,3,Wirless-Afikim,00:1a:dd:e3:0c:84,9,-76,omer,a0:ab:1b:64:12:fa,9,-83,,00:1a:dd:e3:0c:85,9,-76
2017-11-01 11:58:38,LG-D855,32.1026518,35.20700688,677,3,Wirless-Afikim,00:1a:dd:e3:0c:84,9,-68,vladimir,00:0e:f4:c1:50:14,11,-84,,00:1a:dd:e3:0c:85,9,-68
2017-11-01 11:58:44,LG-D855,32.10265177,35.20700685,677,2,Wirless-Afikim,00:1a:dd:e3:0c:84,9,-46,,00:1a:dd:e3:0c:85,9,-56
2017-11-01 11:58:50,LG-D855,32.10265335,35.20700134,677,1,dina,a0:ab:1b:58:2c:06,6,-87
2017-11-01 11:59:01,LG-D855,32.10265304,35.20694642,675,2,Mama,14:ae:db:cb:05:f5,11,-84,Ariel_University,ec:8c:a2:09:93:b8,11,-83
2017-11-01 11:59:42,LG-D855,32.10267152,35.20697413,676,1,ear,a0:ab:1b:59:55:54,1,-86
2017-11-01 12:00:12,LG-D855,32.10267162,35.20696781,675,2,Ariel_University,1c:b9:c4:16:f4:78,1,-82,TP-LINK_7777FC,f8:d1:11:77:77:fc,1,-87
2017-11-01 12:00:23,LG-D855,32.10266559,35.20697925,675,1,Partner-4G-9EE1,f8:23:b2:8a:9e:e1,9,-90
2017-11-01 12:00:36,LG-D855,32.10266585,35.20697738,675,1,Partner-4G-9EE1,f8:23:b2:8a:9e:e1,9,-76
2017-11-01 12:00:42,LG-D855,32.1026659,35.20697736,675,1,Noor,14:ae:db:b6:a2:9d,1,-89
2017-11-01 12:00:55,LG-D855,32.10266588,35.20697735,675,1,Partner-4G-9EE1,f8:23:b2:8a:9e:e1,9,-57
2017-11-01 12:01:17,LG-D855,32.10266596,35.20697736,675,1,Ariel_University,1c:b9:c4:15:36:8c,36,-91
2017-11-01 12:01:30,LG-D855,32.10267009,35.20697593,674,2,Sveta,d0:0f:6d:f1:35:2f,4,-81,Ariel_University,1c:b9:c4:15:36:88,6,-84
2017-11-01 12:01:35,LG-D855,32.10266756,35.20698322,673,1,TamiRacheli,78:11:dc:1a:cf:d0,8,-92
2017-11-01 12:02:23,LG-D855,32.10267313,35.20698686,672,2,HUAWEI-F586,94:fe:22:58:f5:86,1,-78,Ariel_University,ec:8c:a2:09:8e:d8,1,-87
2017-11-01 12:02:35,LG-D855,32.10267318,35.20698702,672,1,Afikim-WiFi,00:1a:dd:f6:b6:64,11,-79
2017-11-01 12:02:47,LG-D855,32.10267318,35.20698712,672,1,PEPWAVE_9481,00:1a:dd:f4:ef:04,1,-81
2017-11-01 12:02:51,LG-D855,32.10267315,35.20698714,672,1,PEPWAVE_9481,00:1a:dd:f4:ef:04,1,-59
2017-11-01 12:06:44,LG-D855,32.1026797,35.20701427,673,1,Ariel_University,ec:8c:a2:08:99:68,11,-75
2017-11-01 12:06:49,LG-D855,32.10264916,35.20707057,674,1,Yan,00:21:04:4c:2a:a2,6,-88
2017-11-01 12:07:56,LG-D855,32.10266899,35.20697354,674,1,NIPPON_1596,08:97:58:33:ca:9c,3,-60
2017-11-01 12:12:53,LG-D855,32.10264716,35.20699707,677,1,wifi in car-0932,08:97:58:33:1a:22,2,-79
2017-11-01 12:14:56,LG-D855,32.1026656,35.20696705,675,1,HUAWEI-F586,94:fe:22:58:f5:86,1,-54
2017-11-01 12:15:28,LG-D855,32.1026534,35.20697442,676,1,LG Stylus2 Dual_4296,5c:af:06:3c:7d:da,1,-77
2017-11-01 12:15:53,LG-D855,32.10265401,35.2069743,676,3,Afikim_Wifi,00:1a:dd:f5:c1:65,12,-72,NIPPON_1412,08:97:58:32:7e:40,2,-74,,00:1a:dd:f5:c1:64,12,-72
2017-11-01 12:16:04,LG-D855,32.10265405,35.2069744,676,1,afikim-wifi,34:0b:01:19:21:42,7,-82
2017-11-01 12:16:10,LG-D855,32.10265422,35.20697449,676,1,afikim-wifi,34:0b:01:19:21:42,7,-70
2017-11-01 12:16:47,LG-D855,32.10263823,35.20699093,677,2,Afikim_Wifi,00:1a:dd:f5:ce:05,11,-83,,00:1a:dd:f5:ce:04,11,-84
2017-11-01 12:17:35,LG-D855,32.10263838,35.20699099,677,1,NIPPON_6604,08:97:58:33:59:08,2,-76
2017-11-01 12:18:53,LG-D855,32.1026381,35.20699078,677,1,Afikim_Wifi,00:1a:dd:f5:ce:05,11,-69
2017-11-01 12:19:11,LG-D855,32.10263817,35.20699066,677,1,,00:1a:dd:f5:ce:04,11,-74
2017-11-01 12:19:57,LG-D855,32.10261131,35.20699319,679,1,Bezeq Free AA107B,6a:37:73:d7:ab:3b,1,-89
2017-11-01 12:20:39,LG-D855,32.10261529,35.20698912,679,2,Afikim_Wifi,00:1a:dd:f5:02:25,13,-69,,00:1a:dd:f5:02:24,13,-73
2017-11-01 12:20:55,LG-D855,32.10261534,35.20698894,679,2,,00:1a:dd:f4:e1:04,11,-78,Afikim_Wifi,00:1a:dd:f4:e1:05,11,-79
2017-11-01 12:21:00,LG-D855,32.10261538,35.20698886,679,1,Afikim_Wifi,00:1a:dd:f4:e1:05,11,-72
2017-11-01 12:21:13,LG-D855,32.10261533,35.20698884,679,2,Ariel_University,1c:b9:c4:16:f4:7c,36,-85,,1c:b9:c4:96:f4:77,36,-86
2017-11-01 19:17:53,LG-D855,32.16791747,35.08355685,173,10,Vaknin1,00:12:2a:f2:07:98,2,-74,Zoro,14:ae:db:31:8a:3a,1,-75,Grigori 2.4,e4:6f:13:72:75:c6,1,-76,Matanliran,14:ae:db:42:ea:55,6,-76,Bezeq!!!,a0:21:b7:7e:3d:fe,11,-77,AHARON,14:ae:db:b3:b3:85,4,-83,zeira_white_2.4,10:5a:f7:01:c3:c1,11,-83,BezeqFree,06:ae:db:b3:b3:85,4,-84,Roni_m,c8:be:19:11:73:2c,6,-84,hershkovich,d0:0f:6d:c1:51:6d,9,-84
2017-11-01 19:17:56,LG-D855,32.16776297,35.08367089,205,2,TSUUB1,a0:ab:1b:5d:35:70,6,-82,timor,4c:60:de:fc:fa:5b,11,-85
2017-11-01 19:17:59,LG-D855,32.16765112,35.0837101,235,5,Reves_Home,10:5a:f7:05:2c:01,1,-78,DIRECT-2F-HP DeskJet 3830 series,30:e1:71:08:d5:30,5,-80,,a0:4f:d4:43:ab:82,1,-81,BezeqFree,62:6f:13:70:6d:13,11,-82,O&M,e4:6f:13:70:6d:12,11,-84
2017-11-01 19:18:01,LG-D855,32.16759102,35.08372084,250,2,Zoro_5,14:ae:db:31:8a:3d,48,-86,lior2.4,02:1f:c6:8b:50:40,11,-85
2017-11-01 19:18:03,LG-D855,32.16750672,35.08375516,270,1,timor,4c:60:de:fc:fa:5b,11,-79
2017-11-01 19:18:04,LG-D855,32.1674785,35.08376254,279,1,morad,a0:4f:d4:43:ab:81,1,-72
2017-11-01 19:18:07,LG-D855,32.16739049,35.08374971,295,3,mori,04:a1:51:11:28:34,11,-84,TILISIT1,00:90:8f:81:8b:34,1,-89,DIRECT-74-HP OfficeJet Pro 6960,98:e7:f4:00:50:75,1,-91
2017-11-01 19:18:08,LG-D855,32.1673485,35.08374556,301,2,Dagan,14:ae:db:57:d2:35,6,-84,home1,c4:12:f5:f8:ed:28,6,-88
2017-11-01 19:18:11,LG-D855,32.16727927,35.08373761,309,2,VITALI1,c4:12:f5:fe:68:fc,1,-85,225_725aec,e4:6f:13:72:5a:f0,9,-90
2017-11-01 19:18:14,LG-D855,32.16723985,35.08367446,320,3,maongs,6c:b0:ce:a9:74:1f,6,-88,gorothschild 2.4,d8:eb:97:ed:85:ba,1,-89,HOME,16:0c:c3:ee:13:d9,1,-90
2017-11-01 19:18:15,LG-D855,32.16724631,35.08365617,323,2,,a0:4f:d4:43:ab:82,1,-73,Dlink 225,a0:ab:1b:55:37:44,1,-92
2017-11-01 19:18:18,LG-D855,32.16725564,35.08356012,327,2,morad,a0:4f:d4:43:ab:81,1,-65,GOLAN T,42502_22811_5371521,0,-73
2017-11-01 19:18:19,LG-D855,32.16726638,35.08352639,329,3,maongs_5,6c:b0:ce:a9:74:20,60,-84,mhager_2.4,3c:1e:04:06:1d:a0,1,-86,BezeqFree,5a:ee:0c:3b:ee:85,6,-91
2017-11-01 19:18:25,LG-D855,32.16722983,35.08339258,328,1,maongs,6c:b0:ce:a9:74:1f,6,-80
2017-11-01 19:18:27,LG-D855,32.16720152,35.08333723,327,2,BezeqFree,5a:ee:0c:3b:ee:85,6,-86,IRIS2.4,48:ee:0c:3b:ee:84,6,-84
2017-11-01 19:18:31,LG-D855,32.16713795,35.08326971,328,2,menachem,9c:d6:43:22:fc:26,6,-82,Dlink 225,a0:ab:1b:55:37:44,1,-81
2017-11-01 19:18:33,LG-D855,32.16711456,35.08321351,330,2,BezeqFree,06:ae:db:b5:2f:75,11,-81,bz40765283,14:ae:db:b5:2f:75,11,-88
2017-11-01 19:18:35,LG-D855,32.16708659,35.08316806,330,1,BE126-f510fa_2GExt,78:d9:9f:f5:10:fa,10,-83
2017-11-01 19:18:39,LG-D855,32.16702595,35.08308168,332,1,BE126-f510f9_5GExt,78:d9:9f:f5:10:f9,36,-91
2017-11-01 19:18:42,LG-D855,32.16696783,35.08303093,332,4,BE126-f510fa_2GExt,78:d9:9f:f5:10:fa,10,-76,BE126-f510f9_5GExt,78:d9:9f:f5:10:f9,36,-79,rachimi,10:be:f5:3d:c3:38,2,-81,BezeqFree,72:be:f5:3d:c3:39,2,-82
2017-11-01 19:18:44,LG-D855,32.16691743,35.08296221,331,3,Bezeq-N_bfa0bc,fc:75:16:bf:a0:bd,6,-85,avital62,80:37:73:e3:81:82,1,-88,Bezeq Free HA2626,62:37:73:e3:81:83,1,-89
2017-11-01 19:18:46,LG-D855,32.16687203,35.08294693,332,1,BE126-f510fa_2GExt,78:d9:9f:f5:10:fa,10,-69
2017-11-01 19:18:52,LG-D855,32.16680147,35.08281451,333,1,AndroidAP-rachimi,4e:66:41:82:95:b5,2,-87
2017-11-01 19:18:53,LG-D855,32.16680731,35.08278271,331,1,peretz,00:8c:54:8f:e7:c1,1,-87
2017-11-01 19:18:58,LG-D855,32.16680979,35.08263859,330,3,,a0:4f:d4:43:ab:82,1,-79,preiser10,9c:d6:43:23:a4:c7,6,-87,joshen,c8:d3:a3:ef:1e:13,6,-88
2017-11-01 19:19:01,LG-D855,32.16678858,35.08258046,328,1,AndroidAP-rachimi,4e:66:41:82:95:b5,2,-82
2017-11-01 19:19:05,LG-D855,32.16673688,35.08248611,332,2,bezeq_56,e8:cc:18:ed:f4:5e,6,-87,GOLAN T,42502_22811_5371521,0,-79
2017-11-01 19:19:12,LG-D855,32.16663883,35.08238681,335,2,Steve_judi_2GExt,d0:0e:d9:14:10:e7,11,-85,PUPS,20:4e:7f:26:90:be,11,-88
2017-11-01 19:19:18,LG-D855,32.16654321,35.08231254,339,2,Bezeq-n-y,34:6b:d3:4e:0c:cc,8,-79,Steve_judi,84:26:15:ee:3f:43,11,-89
2017-11-01 19:19:26,LG-D855,32.16643578,35.08219651,339,1,Bezeq-n-y,34:6b:d3:4e:0c:cc,8,-74
2017-11-01 19:19:28,LG-D855,32.16639692,35.08217949,339,4,Bezeq-n-y,34:6b:d3:4e:0c:cc,8,-59,bubby,20:0c:c8:2a:af:48,11,-85,Bezeq-n-y,9c:d3:6d:bf:5d:5a,8,-89,Bezeq Free,62:0c:c8:2a:af:49,11,-85
2017-11-01 19:19:30,LG-D855,32.16636753,35.0821651,338,1,Bezeq-n-y,9c:d3:6d:bf:5d:5a,8,-82
2017-11-01 19:19:32,LG-D855,32.16633693,35.08213077,339,2,Steve_judi,84:26:15:ee:3f:43,11,-83,Bezeq-n_83AC,a0:4f:d4:44:df:51,11,-82
2017-11-01 19:19:34,LG-D855,32.16629589,35.08209993,339,2,Bezeq-n-y,9c:d3:6d:bf:5d:5a,8,-76,DIRECT-6B-HP DeskJet 3830 series,3c:a8:2a:c5:da:6c,11,-85
2017-11-01 19:19:41,LG-D855,32.16619648,35.0819887,340,2,Bezeq-n_83AC,a0:4f:d4:44:df:51,11,-75,Helen,90:8d:78:50:73:fd,7,-87
2017-11-01 19:19:45,LG-D855,32.16615649,35.08193579,341,1,no free meals 2,74:da:38:2b:d2:aa,1,-86
2017-11-01 19:19:47,LG-D855,32.16611813,35.08191028,343,1,Helen_5,90:8d:78:50:73:fc,48,-89
2017-11-01 19:19:49,LG-D855,32.16609998,35.08188935,340,3,Yhuda,00:90:8f:7d:c0:bc,2,-85,Kathem east,84:16:f9:22:d6:18,7,-88,Ilan24_2EX,74:da:38:a1:73:a5,11,-83
2017-11-01 19:19:51,LG-D855,32.16605135,35.08187276,340,2,HP-Print-D1-Officejet Pro 6830,38:63:bb:51:54:d1,9,-91,Ilan24,c4:a8:1d:12:6a:74,11,-89
2017-11-01 19:19:53,LG-D855,32.16598792,35.08187663,338,2,Helen,90:8d:78:50:73:fd,7,-80,Kathem east,84:16:f9:22:d6:18,7,-81
2017-11-01 19:19:55,LG-D855,32.16597481,35.08182037,335,3,Ilan24,c4:a8:1d:12:6a:74,11,-83,Lora,d4:d1:84:fd:af:71,1,-84,GOLAN T,42502_22811_5371521,0,-71
2017-11-01 19:19:57,LG-D855,32.16593499,35.08179846,335,1,Yhuda,00:90:8f:7d:c0:bc,2,-79
2017-11-01 19:19:59,LG-D855,32.16589517,35.08178264,335,1,shiloach,4c:60:de:2e:18:3a,11,-87
2017-11-01 19:20:01,LG-D855,32.16586173,35.08176494,334,2,Ilan24_2EX,74:da:38:a1:73:a5,11,-73,Haral,d4:d1:84:fd:b3:e1,1,-85
2017-11-01 19:20:05,LG-D855,32.16580706,35.08173274,331,1,shiloach,4c:60:de:2e:18:3a,11,-81
2017-11-01 19:20:07,LG-D855,32.16576684,35.08171884,334,4,Haral,d4:d1:84:fd:b3:e1,1,-80,drorbotzer-,00:21:63:73:24:61,6,-82,Cord,14:ae:db:56:7e:9d,11,-86,Chulamit,e4:6f:13:70:ad:40,9,-88
2017-11-01 19:20:08,LG-D855,32.1657498,35.08171818,335,2,DIRECT-6B-HP DeskJet 3830 series,3c:a8:2a:c5:da:6c,11,-76,BezeqFree,6a:6f:13:70:ad:41,9,-87
2017-11-01 19:20:15,LG-D855,32.16557677,35.08169452,338,2,Chulamit,e4:6f:13:70:ad:40,9,-81,BezeqFree,6a:6f:13:70:ad:41,9,-80
2017-11-01 19:20:19,LG-D855,32.165481,35.08165678,335,1,Haral,d4:d1:84:fd:b3:e1,1,-70
2017-11-01 19:20:25,LG-D855,32.16534513,35.08169306,335,1,airhole,84:26:15:ee:78:f3,1,-92
2017-11-01 19:20:27,LG-D855,32.16530265,35.08169271,332,2,airhole,84:26:15:ee:78:f3,1,-82,HP-Print-5C-Officejet Pro 6830,b0:5a:da:a1:7a:5c,6,-94
2017-11-01 19:20:35,LG-D855,32.16511835,35.08169822,333,3,PlarisaP,cc:b2:55:90:4b:59,11,-85,no free meals 2,74:da:38:2b:d2:aa,1,-88,Gango10,9c:d6:43:23:0b:d8,6,-88
2017-11-01 19:20:39,LG-D855,32.16503885,35.08173458,332,1,bz927303,14:ae:db:cd:c1:72,9,-87
2017-11-01 19:20:41,LG-D855,32.16499565,35.08174324,332,2,Remote1,c4:12:f5:fc:e2:f2,4,-86,BezeqNGN_005080Hz_2.4G_1,3c:1e:04:05:84:df,1,-88
2017-11-01 19:20:43,LG-D855,32.16495858,35.08176067,333,5,Gango10,9c:d6:43:23:0b:d8,6,-78,bz927303,14:ae:db:cd:c1:72,9,-82,HP-Print-5C-Officejet Pro 6830,b0:5a:da:a1:7a:5c,6,-85,HP-Print-A7-Officejet Pro 6830,94:57:a5:82:dc:a7,9,-91,GOLAN T,42502_22811_5371521,0,-81
2017-11-01 19:20:45,LG-D855,32.16491936,35.0817693,334,1,bz927303_5,14:ae:db:cd:c1:75,48,-88
2017-11-01 19:20:47,LG-D855,32.16486934,35.08179611,335,4,HP-Print-5C-Officejet Pro 6830,b0:5a:da:a1:7a:5c,6,-77,HP-Print-A7-Officejet Pro 6830,94:57:a5:82:dc:a7,9,-85,ravit,e8:fc:af:93:f2:de,1,-85,asulin_2.4,70:62:b8:34:20:29,11,-83
2017-11-01 19:20:49,LG-D855,32.16483363,35.08182814,334,3,Remote1,c4:12:f5:fc:e2:f2,4,-78,HP-Print-A7-Officejet Pro 6830,94:57:a5:82:dc:a7,9,-78,bz927303_5,14:ae:db:cd:c1:75,48,-82
2017-11-01 19:20:51,LG-D855,32.16479779,35.08186155,333,1,LEDnet0D82E9,a2:20:a6:0d:82:e9,5,-87
2017-11-01 19:20:55,LG-D855,32.16472408,35.08190434,332,2,bz927303,14:ae:db:cd:c1:72,9,-75,MichalowitzNet_2.4,20:0c:c8:0f:d0:fb,1,-88
2017-11-01 19:20:58,LG-D855,32.16468706,35.08193777,334,3,LEDnet0D82E9,a2:20:a6:0d:82:e9,5,-82,ravit_5,e8:fc:af:93:f2:df,60,-83,HP-Print-C3-Officejet Pro 8600,a4:5d:36:3d:90:c3,6,-87
2017-11-01 19:21:00,LG-D855,32.16463932,35.08196477,334,3,HP-Print-A7-Officejet Pro 6830,94:57:a5:82:dc:a7,9,-73,HP-Print-C3-Officejet Pro 8600,a4:5d:36:3d:90:c3,6,-82,igor1,b8:a3:86:0e:3a:a9,6,-90
2017-11-01 19:21:02,LG-D855,32.16461736,35.0819918,335,1,bz927303_5,14:ae:db:cd:c1:75,48,-75
2017-11-01 19:21:04,LG-D855,32.16458007,35.08202529,336,1,ravit,e8:fc:af:93:f2:de,1,-77
2017-11-01 19:21:08,LG-D855,32.1645128,35.08209044,335,1,ravit,e8:fc:af:93:f2:de,1,-72
2017-11-01 19:21:11,LG-D855,32.16446163,35.0821435,332,1,igor1,b8:a3:86:0e:3a:a9,6,-84
2017-11-01 19:21:15,LG-D855,32.16439119,35.08219866,332,1,Matan1,c4:12:f5:82:33:63,1,-90
2017-11-01 19:21:17,LG-D855,32.16436397,35.08222957,334,1,,60:e3:27:bd:31:36,6,-82
2017-11-01 19:21:24,LG-D855,32.16426366,35.08234901,332,1,igor1,b8:a3:86:0e:3a:a9,6,-79
2017-11-01 19:21:26,LG-D855,32.16423992,35.08238201,332,1,GOLAN T,42502_22811_5369542,0,-81
2017-11-01 19:21:32,LG-D855,32.16417584,35.08248939,329,1,GOLAN T,42502_22811_5369542,0,-75
2017-11-01 19:21:46,LG-D855,32.16391769,35.08275664,334,1,shirley_eli_bramli,e4:6f:13:72:7c:2e,1,-91
2017-11-01 19:21:52,LG-D855,32.16387835,35.0829132,334,3,shirley_eli_bramli,e4:6f:13:72:7c:2e,1,-85,buly,00:21:04:e5:2e:52,11,-87,KR123,e8:fc:af:8b:c3:e4,11,-90
2017-11-01 19:21:56,LG-D855,32.16384454,35.08300603,333,4,Elmatan_HAIM_Ed,80:1f:02:d7:95:ac,13,-80,,80:1f:02:d7:95:af,13,-81,,80:1f:02:d7:95:ae,13,-82,,80:1f:02:d7:95:ad,13,-82
2017-11-01 19:21:58,LG-D855,32.16382959,35.08305114,335,3,Bramli_2EX,74:da:38:80:30:16,11,-83,yakov_2EX,74:da:38:32:da:98,1,-90,hrri,10:be:f5:3f:c6:e2,9,-92
2017-11-01 19:22:02,LG-D855,32.16380466,35.08316406,331,2,orange-4RCX,00:21:04:49:b5:82,6,-84,asaf1,dc:09:4c:2e:33:94,1,-90
2017-11-01 19:22:04,LG-D855,32.16377061,35.08320411,331,2,shirley_eli_bramli,e4:6f:13:72:7c:2e,1,-80,Bramli_2EX,74:da:38:80:30:16,11,-77
2017-11-01 19:22:06,LG-D855,32.1637561,35.08324491,331,1,default,00:0e:2e:e2:d9:a4,11,-91
2017-11-01 19:22:08,LG-D855,32.16373332,35.08328797,332,1,NgTech-LTD-VOD,68:72:51:2a:2e:01,13,-83
2017-11-01 19:22:12,LG-D855,32.16370842,35.08338773,331,1,yakov_2EX,74:da:38:32:da:98,1,-81
2017-11-01 19:22:14,LG-D855,32.16368429,35.08343515,332,2,Rom-1,30:46:9a:2c:21:44,2,-91,,3e:46:9a:2c:21:44,2,-86
2017-11-01 19:22:16,LG-D855,32.16366084,35.08348979,333,3,hrri,10:be:f5:3f:c6:e2,9,-86,yakov,80:37:73:e6:d3:52,1,-87,GOLAN T,42502_22811_5369542,0,-83
2017-11-01 19:22:20,LG-D855,32.1636549,35.08359457,332,4,,3e:46:9a:2c:21:44,2,-81,Rom-1,30:46:9a:2c:21:44,2,-82,yakov,80:37:73:e6:d3:52,1,-82,,36:46:9a:2c:21:44,2,-82
2017-11-01 19:22:25,LG-D855,32.16362082,35.08373378,330,1,yakov_5,80:37:73:e6:d3:53,60,-90
2017-11-01 19:22:30,LG-D855,32.16359462,35.08387224,331,3,yakov_2EX,74:da:38:32:da:98,1,-76,hrri,10:be:f5:3f:c6:e2,9,-81,Roditi,c4:12:f5:fe:dd:e6,2,-91
2017-11-01 19:22:33,LG-D855,32.16358419,35.08394236,331,1,NgTech-LTD-VOD,68:72:51:2a:2e:01,13,-76
2017-11-01 19:22:35,LG-D855,32.16358091,35.08398741,331,1,,98:de:d0:91:05:84,13,-84
2017-11-01 19:22:42,LG-D855,32.16357475,35.08415272,330,4,NgTech-LTD-VOD,68:72:51:2a:2e:01,13,-68,yakov_5,80:37:73:e6:d3:53,60,-84,,80:1f:02:d7:95:af,13,-92,Croitoru3,80:2a:a8:d1:9e:d1,6,-90
2017-11-01 19:22:52,LG-D855,32.16362836,35.08436545,328,2,,80:1f:02:d7:95:af,13,-87,Elmatan_HAIM_Ed,80:1f:02:d7:95:ac,13,-85
2017-11-01 19:22:56,LG-D855,32.16367142,35.08447773,332,3,BezeqFree,52:12:f5:fe:dd:e7,2,-80,BEZEQINT-9BB9,14:ae:db:a0:9b:bd,11,-90,,80:1f:02:d7:95:ad,13,-88
2017-11-01 19:22:58,LG-D855,32.16370955,35.08452506,333,2,Michal,14:ae:db:49:01:1d,11,-88,GOLAN T,42502_22811_5369542,0,-85
2017-11-01 19:23:02,LG-D855,32.16377502,35.08459278,332,1,Croitoru3-5ghz,82:2a:a8:d2:9e:d1,48,-90
2017-11-01 19:23:04,LG-D855,32.16380234,35.08462219,331,3,Croitoru3,80:2a:a8:d1:9e:d1,6,-82,yakov,80:37:73:e6:d3:52,1,-87,altman2,c4:12:f5:f8:a8:40,11,-91
2017-11-01 19:23:06,LG-D855,32.16383458,35.08463928,330,1,Roditi,c4:12:f5:fe:dd:e6,2,-78
2017-11-01 19:23:08,LG-D855,32.16387903,35.08466523,331,2,Michal,14:ae:db:49:01:1d,11,-81,HEZILIAT,00:26:5a:83:8c:31,1,-88
2017-11-01 19:23:12,LG-D855,32.16393713,35.08471881,332,2,Croitoru3,80:2a:a8:d1:9e:d1,6,-76,GOLAN T,42502_22811_5369192,0,-83
2017-11-01 19:23:14,LG-D855,32.16396923,35.08474239,331,5,Croitoru3-5ghz,82:2a:a8:d2:9e:d1,48,-80,Croitoru3-DLINK-2Ghz,74:da:da:42:dc:86,1,-86,Croitoru_1_2.4,c8:d7:19:0b:36:8d,1,-90,Croitoru3-DLINK-5GHz,74:da:da:42:dc:88,48,-92,bz18893966,c4:12:f5:83:df:53,1,-90
2017-11-01 19:23:16,LG-D855,32.16402362,35.08478209,332,2,Croitoru3,80:2a:a8:d1:9e:d1,6,-62,BEZEQINT-9BB9,14:ae:db:a0:9b:bd,11,-82
2017-11-01 19:23:18,LG-D855,32.16406117,35.08481282,331,4,HEZILIAT,00:26:5a:83:8c:31,1,-79,Croitoru_1_2.4,c8:d7:19:0b:36:8d,1,-81,bz18893966_5GExt,78:d9:9f:f5:48:bd,60,-86,Croitoru_1_5.0,c8:d7:19:0b:36:8e,48,-90
2017-11-01 19:23:20,LG-D855,32.16409946,35.08483519,332,3,Croitoru3-5ghz,82:2a:a8:d2:9e:d1,48,-73,altman2,c4:12:f5:f8:a8:40,11,-86,Croitoru3-DLINK-5GHz,74:da:da:42:dc:88,48,-87
2017-11-01 19:23:22,LG-D855,32.16413689,35.08485098,332,2,Croitoru3-5ghz,82:2a:a8:d2:9e:d1,48,-65,bz18893966,c4:12:f5:83:df:53,1,-85
2017-11-01 19:23:24,LG-D855,32.16417754,35.08486706,332,3,BEZEQINT-9BB9,14:ae:db:a0:9b:bd,11,-76,BezeqFree,6a:be:f5:40:8b:41,3,-90,modien123,10:be:f5:40:8b:40,3,-91
2017-11-01 19:23:27,LG-D855,32.16420929,35.08488662,332,4,TP-LINK_2.4GHz_AC26AF,98:de:d0:ac:26:af,1,-84,Matz_2.4,f8:e9:03:11:ec:06,3,-87,wolff-shalom,10:be:f5:37:56:f6,4,-89,BezeqFree,5a:be:f5:37:56:f7,4,-90
2017-11-01 19:23:29,LG-D855,32.16425634,35.08491632,333,6,TP-LINK_2.4GHz_AC26AF,98:de:d0:ac:26:af,1,-76,bz18893966_2GExt,78:d9:9f:f5:48:be,1,-81,amranishmuel,20:4e:7f:24:3b:04,11,-84,default,c4:12:f5:f7:ee:96,2,-86,TP-LINK_5GHz_AC26B1,98:de:d0:ac:26:b1,40,-88,Bezeq Free 243B04,6a:4e:7f:24:3b:05,11,-84
2017-11-01 19:23:31,LG-D855,32.16431262,35.08494638,332,4,bz18893966_5GExt,78:d9:9f:f5:48:bd,60,-81,TP-LINK_5GHz_AC26B1,98:de:d0:ac:26:b1,40,-83,225_558efc,a0:ab:1b:55:8f:00,9,-89,BezeqFree,06:ae:db:39:2c:65,6,-89
2017-11-01 19:23:33,LG-D855,32.16434477,35.0849601,333,8,bz18893966_5GExt,78:d9:9f:f5:48:bd,60,-70,bz18893966_2GExt,78:d9:9f:f5:48:be,1,-74,bz18893966,c4:12:f5:83:df:53,1,-78,amranishmuel,20:4e:7f:24:3b:04,11,-79,Bezeq Free 243B04,6a:4e:7f:24:3b:05,11,-79,wolff-shalom,10:be:f5:37:56:f6,4,-83,BezeqFree,5a:be:f5:37:56:f7,4,-84,gavriel21,14:ae:db:39:2c:65,6,-88
2017-11-01 19:23:35,LG-D855,32.16439026,35.08498942,334,1,DIRECT-92-HP DeskJet 3830 series,94:57:a5:4c:bc:70,1,-89
2017-11-01 19:23:37,LG-D855,32.16442101,35.08500256,334,2,bz18893966,c4:12:f5:83:df:53,1,-73,WiFi-Repeater1,00:91:cf:61:34:05,11,-94
2017-11-01 19:23:39,LG-D855,32.16446303,35.08501722,333,2,WiFi-Repeater1,00:91:cf:61:34:05,11,-88,zeira2.4,30:b5:c2:c9:2c:73,1,-87
2017-11-01 19:23:41,LG-D855,32.16449519,35.0850415,334,2,WiFi-Repeater1,00:91:cf:61:34:05,11,-80,zeira5,10:5a:f7:01:c4:02,52,-91
2017-11-01 19:23:43,LG-D855,32.1645346,35.08506894,334,3,Matz_2.4,f8:e9:03:11:ec:06,3,-82,zeira5,10:5a:f7:01:c4:02,52,-86,Matz_5,f8:e9:03:11:ec:07,48,-91
2017-11-01 19:23:46,LG-D855,32.16458683,35.08511164,335,4,NgTech-LTD-VOD,68:72:51:2a:2e:01,13,-76,zeira2.4,10:5a:f7:01:c4:01,1,-80,hagitben,14:ae:db:3d:f0:b2,11,-90,Avishay-WIFI,e8:ab:fa:b0:af:0e,3,-91
2017-11-01 19:23:48,LG-D855,32.16463466,35.08515557,336,1,zeira2.4,30:b5:c2:c9:2c:73,1,-80
2017-11-01 19:23:51,LG-D855,32.16468341,35.08519269,337,4,modien123,10:be:f5:40:8b:40,3,-86,Bezeq-N_4a01ef,6c:19:8f:4a:01:f0,6,-88,314425166,2c:b0:5d:21:d5:54,11,-91,Bezeq Free,62:b0:5d:21:d5:55,11,-93
2017-11-01 19:23:53,LG-D855,32.16471757,35.08521367,338,5,Matz_2.4,f8:e9:03:11:ec:06,3,-77,altman2,c4:12:f5:f8:a8:40,11,-81,BezeqFree,6a:be:f5:40:8b:41,3,-83,314425166,2c:b0:5d:21:d5:54,11,-85,GOLAN T,42502_22811_5369542,0,-91
2017-11-01 19:23:55,LG-D855,32.16473185,35.08523668,337,1,HP-Print-81-Deskjet 4640 series,fc:15:b4:69:d3:81,6,-91
2017-11-01 19:23:57,LG-D855,32.16477097,35.08524965,338,2,zeira2.4,10:5a:f7:01:c4:01,1,-74,GOLAN T,42502_22811_5358539,0,-97
2017-11-01 19:24:00,LG-D855,32.16482809,35.0852685,336,2,Tuli,d0:d4:12:65:40:e2,1,-88,Eliran,14:ae:db:38:05:15,7,-89
2017-11-01 19:24:02,LG-D855,32.16487447,35.08530398,336,5,NgTech-LTD-VOD,68:72:51:2a:2e:01,13,-67,modien123,10:be:f5:40:8b:40,3,-81,hagitben,14:ae:db:3d:f0:b2,11,-82,micael,20:0c:c8:2c:69:df,11,-87,popeye5,c4:a8:1d:14:4a:06,48,-93
2017-11-01 19:24:04,LG-D855,32.16491848,35.08533587,335,3,HP-Print-81-Deskjet 4640 series,fc:15:b4:69:d3:81,6,-82,popeye5,c4:a8:1d:14:4a:06,48,-83,mikiortal,14:ae:db:58:91:95,1,-86
2017-11-01 19:24:06,LG-D855,32.16497347,35.08537399,335,2,HP-Print-81-Deskjet 4640 series,fc:15:b4:69:d3:81,6,-77,Tuli,d0:d4:12:65:40:e2,1,-83
2017-11-01 19:24:08,LG-D855,32.16500973,35.08541046,335,1,hagitben_5,14:ae:db:3d:f0:b5,48,-92
2017-11-01 19:24:10,LG-D855,32.16504242,35.08543457,336,1,,fa:8f:ca:77:4f:b3,1,-91
2017-11-01 19:24:12,LG-D855,32.16507797,35.08545684,335,2,BezeqFree,6a:be:f5:40:8b:41,3,-78,hagitben_5,14:ae:db:3d:f0:b5,48,-83
2017-11-01 19:24:14,LG-D855,32.16511657,35.08548523,334,4,hagitben,14:ae:db:3d:f0:b2,11,-75,modien123,10:be:f5:40:8b:40,3,-76,Eliran,14:ae:db:38:05:15,7,-80,,fa:8f:ca:77:4f:b3,1,-86
2017-11-01 19:24:16,LG-D855,32.16515631,35.08550454,334,3,hagitben_5,14:ae:db:3d:f0:b5,48,-77,mikiortal,14:ae:db:58:91:95,1,-79,,fa:8f:ca:77:4f:b3,1,-81
2017-11-01 19:24:18,LG-D855,32.16519388,35.08553409,334,2,hagitben,14:ae:db:3d:f0:b2,11,-69,,fa:8f:ca:77:4f:b3,1,-76
2017-11-01 19:24:20,LG-D855,32.16523081,35.08556199,334,4,NIPPON_7490,08:97:58:33:6f:aa,4,-80,BEZEQINT-8B61,14:ae:db:cf:8b:65,6,-83,liora,c0:ff:d4:7d:c1:19,6,-86,liam,d8:fe:e3:04:4a:69,11,-87
2017-11-01 19:24:35,LG-D855,32.16545784,35.08575869,338,1,Eliran,14:ae:db:38:05:15,7,-73
2017-11-01 19:24:39,LG-D855,32.16554347,35.0857794,342,1,Basel-orange,00:12:2a:40:af:68,1,-84
2017-11-01 19:24:41,LG-D855,32.16557498,35.0857985,342,1,GOLAN T,42502_22811_5363189,0,-103
2017-11-01 19:24:46,LG-D855,32.16566706,35.08584999,337,1,GOLAN T,42502_22811_5358539,0,-83
2017-11-01 19:24:50,LG-D855,32.16574408,35.08589726,335,2,NIPPON_7490,08:97:58:33:6f:aa,4,-69,gozlan-5,c0:a0:bb:cb:dd:cb,48,-90
2017-11-01 19:24:53,LG-D855,32.16578901,35.08593469,334,1,NIPPON_7490,08:97:58:33:6f:aa,4,-55
2017-11-01 19:24:54,LG-D855,32.16580268,35.08593663,335,1,gozlan-5,c0:a0:bb:cb:dd:cb,48,-81
2017-11-01 19:25:00,LG-D855,32.16590144,35.08600278,340,1,NgTech-LTD-VOD,68:72:51:2a:2e:01,13,-83
2017-11-01 19:25:08,LG-D855,32.16603672,35.08605418,344,2,ami007,14:ae:db:45:3b:3d,6,-89,Ami,06:ae:db:45:3b:3d,6,-87
2017-11-01 19:25:16,LG-D855,32.16616225,35.08611788,347,1,GOLAN T,42502_22811_5363189,0,-85
2017-11-01 19:25:18,LG-D855,32.16620021,35.08611561,348,2,ami007,14:ae:db:45:3b:3d,6,-83,Ami,06:ae:db:45:3b:3d,6,-82
2017-11-01 19:25:20,LG-D855,32.1662475,35.08612547,348,1,DIRECT-e4M288x Series,32:cd:a7:23:2b:0e,11,-88
2017-11-01 19:25:22,LG-D855,32.16628998,35.08612241,347,1,ubnt,68:72:51:70:e1:1b,11,-85
2017-11-01 19:25:30,LG-D855,32.16641358,35.08614173,350,1,Ram,d4:6e:0e:2b:e4:04,1,-87
2017-11-01 19:25:34,LG-D855,32.16648866,35.08615465,350,1,no_connection,0e:41:58:00:f2:13,1,-89
2017-11-01 19:25:44,LG-D855,32.16670186,35.0861588,349,3,Bezeq Free 200065,5a:04:15:0f:6b:eb,11,-89,Avi_Pas_2.4,c4:04:15:0f:6b:ea,11,-90,GOLAN T,42502_22811_5358539,0,-91
2017-11-01 19:25:51,LG-D855,32.16685751,35.08616896,346,3,Bezeq Free 200065,5a:04:15:0f:6b:eb,11,-83,Avi_Pas_2.4,c4:04:15:0f:6b:ea,11,-85,Anat1971,14:ae:db:be:42:ba,1,-87
2017-11-01 19:25:53,LG-D855,32.16689777,35.08615768,348,2,DIRECT-e4M288x Series,32:cd:a7:23:2b:0e,11,-82,no_connection,0e:41:58:00:f2:13,1,-82
2017-11-01 19:25:56,LG-D855,32.16697183,35.08613847,348,1,no_connection,00:11:32:68:e3:7a,1,-90
2017-11-01 19:25:57,LG-D855,32.16698933,35.08614674,348,1,Avi_Pas_2.4_5,c4:04:15:0f:6b:eb,60,-82
2017-11-01 19:26:01,LG-D855,32.16711456,35.08616783,348,5,Avi_Pas_2.4,c4:04:15:0f:6b:ea,11,-75,Bezeq Free 200065,5a:04:15:0f:6b:eb,11,-76,Anat1971,14:ae:db:be:42:ba,1,-79,NETGEAR97,10:da:43:98:d3:7b,1,-83,NETGEAR-Guest,12:da:43:98:d3:7c,1,-85
2017-11-01 19:26:03,LG-D855,32.1671433,35.08616962,346,9,Ami,06:ae:db:45:3b:3d,6,-77,ami007,14:ae:db:45:3b:3d,6,-78,NETGEAR-Guest,12:da:43:98:d3:7c,1,-78,Yudizeev,e8:de:27:85:1e:f2,1,-79,REMOTE35nbdn,00:1d:c9:07:2f:dd,3,-86,Yudizeev,a4:52:6f:fe:b2:49,1,-87,Anat1971_5,14:ae:db:be:42:bd,36,-88,Guest-welcome,02:11:32:68:e3:7a,1,-88,no_connection,10:0d:7f:82:f2:6a,13,-90
2017-11-01 19:26:06,LG-D855,32.16718021,35.08615573,346,4,no_connection,0e:41:58:00:f2:13,1,-76,REMOTE35nbdn,00:1d:c9:07:2f:dd,3,-79,no_connection,80:1f:02:d4:a2:80,10,-86,no_connection,00:11:32:68:e3:7b,36,-91
2017-11-01 19:26:07,LG-D855,32.1671891,35.08614025,347,2,Avi_Pas_2.4_5,c4:04:15:0f:6b:eb,60,-75,Buriy104,cc:b2:55:e5:bd:37,2,-82
2017-11-01 19:26:10,LG-D855,32.16724941,35.08614185,348,5,Bezeq Free 200065,5a:04:15:0f:6b:eb,11,-71,NETGEAR97,10:da:43:98:d3:7b,1,-78,BEZEQINT-6C49,14:ae:db:42:6c:4d,6,-79,no_connection,00:11:32:68:e3:7a,1,-82,no_connection,80:1f:02:d4:a2:b2,5,-87
2017-11-01 19:26:12,LG-D855,32.16729359,35.08614519,348,3,REMOTE35nbdn,00:1d:c9:07:2f:dd,3,-69,Guest-welcome,02:11:32:68:e3:7a,1,-82,omaabari,00:21:04:89:06:b2,11,-87
2017-11-01 19:26:14,LG-D855,32.16736404,35.08614083,349,1,no_connection,10:0d:7f:82:f2:6a,13,-85
2017-11-01 19:26:16,LG-D855,32.16739527,35.08613879,348,1,YOSEFI-2.4,4c:60:de:26:d8:02,9,-85
2017-11-01 19:26:18,LG-D855,32.16743182,35.08614104,347,3,no_connection,0e:41:58:00:f2:13,1,-58,no_connection,00:11:32:68:e3:7a,1,-74,no_connection,00:11:32:68:e3:7b,36,-83
2017-11-01 19:26:21,LG-D855,32.16750994,35.08613924,347,2,no_connection,10:0d:7f:82:f2:6a,13,-78,omaabari,00:21:04:89:06:b2,11,-82
2017-11-01 19:26:23,LG-D855,32.16756245,35.08613547,348,2,YOSEFI-2.4,4c:60:de:26:d8:02,9,-80,Anne,00:12:2a:33:25:34,4,-86
2017-11-01 19:26:25,LG-D855,32.16757418,35.08613605,352,2,Guest-welcome,02:11:32:68:e3:7a,1,-75,Moryoel_5,14:ae:db:cc:e3:75,48,-87
2017-11-01 19:26:28,LG-D855,32.16761267,35.08613671,354,3,BezeqFree,14:af:db:cc:e3:72,9,-87,no_connection,50:bd:5f:39:aa:07,13,-87,LIDaw16d0909d,7c:dd:90:8c:39:82,1,-88
2017-11-01 19:26:30,LG-D855,32.1676689,35.0861345,353,2,no_connection,80:1f:02:d4:a2:b2,5,-80,Moryoel,14:ae:db:cc:e3:72,9,-82
2017-11-01 19:26:32,LG-D855,32.16770431,35.08613161,354,1,GOLAN T,42502_22811_5358539,0,-97
2017-11-01 19:26:34,LG-D855,32.1677157,35.08613322,356,1,ankri,c4:12:f5:f5:7b:2a,7,-89
2017-11-01 19:26:36,LG-D855,32.16773751,35.08613932,355,2,no_connection,80:1f:02:d4:a2:b2,5,-75,auzan,f4:f2:6d:5e:9b:29,1,-88
2017-11-01 19:26:38,LG-D855,32.1677538,35.08614486,354,2,ankri,c4:12:f5:f5:7b:2a,7,-79,auzan,a0:ab:1b:62:15:fe,1,-85
2017-11-01 19:26:42,LG-D855,32.1678252,35.0861279,351,1,auzan,f4:f2:6d:5e:9b:29,1,-82
2017-11-01 19:26:46,LG-D855,32.16789996,35.08608471,353,2,asbb@014,6c:b0:ce:aa:a6:95,1,-85,Bezeq Free AA2819,52:b0:ce:aa:a6:96,1,-87
2017-11-01 19:26:50,LG-D855,32.16794121,35.08603495,351,1,auzan,f4:f2:6d:5e:9b:29,1,-74
2017-11-01 19:26:51,LG-D855,32.16795543,35.08602088,349,1,auzan,f4:f2:6d:5e:9b:29,1,-68
2017-11-01 19:26:54,LG-D855,32.16799257,35.08599079,348,2,asbb@014_5,6c:b0:ce:aa:a6:96,60,-88,WiFi-Repeater,00:e0:20:40:b1:37,6,-87
2017-11-01 19:26:55,LG-D855,32.16800943,35.0859777,349,2,BezeqFree,06:ae:db:4d:14:35,11,-88,eve,2c:b0:5d:2c:fb:2a,11,-89
2017-11-01 19:26:57,LG-D855,32.16802798,35.0859412,348,1,DIRECT-AP[TV][LG]47LA621Y-TD,96:44:44:eb:d4:8a,1,-86
2017-11-01 19:26:59,LG-D855,32.16805837,35.08591456,347,1,Bezeq Free AA2819,52:b0:ce:aa:a6:96,1,-82
2017-11-01 19:27:03,LG-D855,32.16809439,35.08585826,347,1,ubnt,68:72:51:70:e1:1b,11,-91
2017-11-01 19:27:06,LG-D855,32.16811481,35.08581548,346,1,Goldovski,14:ae:db:4d:14:35,11,-90
2017-11-01 19:27:08,LG-D855,32.16812412,35.08577362,346,2,asbb@014,6c:b0:ce:aa:a6:95,1,-74,Bezeq Free AA2819,52:b0:ce:aa:a6:96,1,-74
2017-11-01 19:27:09,LG-D855,32.1681299,35.08576248,346,1,WiFi-Repeater,00:e0:20:40:b1:37,6,-81
2017-11-01 19:27:12,LG-D855,32.16816974,35.08571887,344,2,yeger1,6c:19:8f:49:d1:4b,6,-80,ved,90:8d:78:54:6a:09,1,-86
2017-11-01 19:27:14,LG-D855,32.16820685,35.0857014,345,3,asbb@014_5,6c:b0:ce:aa:a6:96,60,-80,Alla_2.4,10:5a:f7:08:51:e1,1,-82,GOLAN T,42502_22811_5358539,0,-89
2017-11-01 19:27:16,LG-D855,32.16822963,35.08566821,344,3,BEZEQINT-BDC9,14:ae:db:55:bd:cd,1,-85,Fun_2.4,a0:ab:1b:5f:dd:c0,9,-93,Yadai,1c:7e:e5:da:a3:94,6,-90
2017-11-01 19:27:18,LG-D855,32.16825556,35.08563102,344,2,BezeqFree,06:ae:db:4d:14:35,11,-83,Goldovski,14:ae:db:4d:14:35,11,-83
2017-11-01 19:27:20,LG-D855,32.16828074,35.0856071,343,1,Dorshidlo 2.4,20:0c:c8:0f:0c:a6,1,-88
2017-11-01 19:27:24,LG-D855,32.16834538,35.0855951,345,2,Bezeq Free 51EBCC,52:3d:c7:51:eb:c8,6,-79,Bezeq-n_EBCB,c4:3d:c7:51:eb:cb,6,-81
2017-11-01 19:27:26,LG-D855,32.16837513,35.0855881,346,1,GILA,14:ae:db:4f:d8:ed,1,-86
2017-11-01 19:27:28,LG-D855,32.16842303,35.08560601,346,2,Evgeniya,d0:0f:6d:f0:03:c1,6,-90,afikim-wifi,00:1a:dd:e3:19:e4,1,-80
2017-11-01 19:27:32,LG-D855,32.16853248,35.08564013,346,2,GILA,14:ae:db:4f:d8:ed,1,-80,afikim-wifi,00:1a:dd:e3:19:e4,1,-75
2017-11-01 19:27:34,LG-D855,32.16857847,35.08565889,347,2,afikim-wifi,00:1a:dd:e3:19:e4,1,-69,gefen93,14:ae:db:43:a5:cd,11,-88
2017-11-01 19:27:37,LG-D855,32.16862477,35.085669,346,2,David,20:0c:c8:1d:9d:b7,11,-88,Bezeq Free W022F0,5a:0c:c8:1d:9d:b4,11,-88
2017-11-01 19:27:39,LG-D855,32.16866384,35.08570352,347,2,Bezeq Free 51EBCC,52:3d:c7:51:eb:c8,6,-72,Bezeq-n_EBCB,c4:3d:c7:51:eb:cb,6,-72
2017-11-01 19:27:41,LG-D855,32.16870354,35.08571566,349,1,sammy_2.4,3c:1e:04:03:0c:ba,1,-85
2017-11-01 19:27:42,LG-D855,32.16871786,35.08571551,350,3,afikim-wifi,00:1a:dd:e3:19:e4,1,-64,Bezeq_WiFi,14:ae:db:47:71:1d,6,-83,dora,14:ae:db:3e:0d:22,10,-86
2017-11-01 19:27:47,LG-D855,32.16881927,35.08578129,350,1,Hai_Rozental,14:ae:db:43:82:1d,6,-89
2017-11-01 19:27:55,LG-D855,32.16895288,35.08592462,349,2,HOME,00:0c:c3:d0:b9:fc,11,-85,Ilanit_2.4,10:5a:f7:00:60:29,1,-89
2017-11-01 19:27:59,LG-D855,32.16901229,35.08597023,351,1,eve,2c:b0:5d:2c:fb:2a,11,-87
2017-11-01 19:28:01,LG-D855,32.16904102,35.08602387,349,1,David_5,20:0c:c8:1d:9d:b8,60,-90
2017-11-01 19:28:03,LG-D855,32.16905475,35.08605091,351,2,Mankovetski,14:ae:db:ce:4d:b5,4,-86,ilovecats,14:ae:db:48:e8:7d,1,-88
2017-11-01 19:28:05,LG-D855,32.16908386,35.08608863,351,2,David,20:0c:c8:1d:9d:b7,11,-83,Bezeq Free W022F0,5a:0c:c8:1d:9d:b4,11,-81
2017-11-01 19:28:08,LG-D855,32.16914179,35.08613438,352,3,gefen93,14:ae:db:43:a5:cd,11,-82,BezeqFree,6a:12:f5:f7:f9:41,9,-85,roei,c4:12:f5:f7:f9:40,9,-89
2017-11-01 19:28:14,LG-D855,32.16922003,35.08624319,350,2,bz19085668,14:ae:db:32:aa:ca,5,-80,GOLAN T,42502_22811_5358539,0,-101
2017-11-01 19:28:18,LG-D855,32.16927211,35.08631965,348,1,GOLAN T,42502_22811_5358539,0,-89
2017-11-01 19:28:22,LG-D855,32.16933784,35.08641919,346,1,gefen93,14:ae:db:43:a5:cd,11,-74
2017-11-01 19:28:24,LG-D855,32.1693549,35.08647326,348,4,elankry_2EX,74:da:38:1d:ea:6c,11,-73,David,20:0c:c8:1d:9d:b7,11,-78,ilovecats,14:ae:db:48:e8:7d,1,-82,Chaimson,f0:f7:55:bb:46:1f,1,-85
2017-11-01 19:28:26,LG-D855,32.16936914,35.08651991,347,1,elankry123,c8:3a:35:3a:9b:f0,11,-85
2017-11-01 19:28:28,LG-D855,32.16939353,35.08657066,346,7,David,20:0c:c8:1d:9d:b7,11,-71,Bezeq Free W022F0,5a:0c:c8:1d:9d:b4,11,-71,David_5,20:0c:c8:1d:9d:b8,60,-82,uzan1,c4:12:f5:fe:e9:94,3,-84,Yevgeni54,14:ae:db:cc:a9:6d,11,-84,yakov51,c4:12:f5:f7:56:0c,9,-86,BezeqFree,62:12:f5:f7:56:0d,9,-88
2017-11-01 19:28:30,LG-D855,32.1694091,35.08661423,345,1,Mankovetski,14:ae:db:ce:4d:b5,4,-81
2017-11-01 19:28:32,LG-D855,32.16943718,35.0866635,343,3,BezeqFree,62:12:f5:f7:56:0d,9,-82,EliN5G,c4:12:f5:84:fb:ab,60,-87,netbox,00:12:2a:33:24:bc,7,-85
2017-11-01 19:28:34,LG-D855,32.16945951,35.086702,343,3,elankry,00:12:2a:f2:2a:98,11,-81,Boris,84:c9:b2:b8:01:f4,6,-83,Vered1,14:ae:db:4e:40:b5,1,-88
2017-11-01 19:28:36,LG-D855,32.16947912,35.08676027,342,2,elankry123,c8:3a:35:3a:9b:f0,11,-77,yakov51,c4:12:f5:f7:56:0c,9,-81
2017-11-01 19:28:38,LG-D855,32.16950205,35.08682981,342,4,Boris,84:c9:b2:b8:01:f4,6,-72,Yevgeni54,14:ae:db:cc:a9:6d,11,-78,Eyal30,10:be:f5:3a:a9:dc,3,-85,BezeqFree,62:be:f5:3a:a9:dd,3,-88
2017-11-01 19:28:40,LG-D855,32.16953035,35.08688792,345,2,mor,04:a1:51:13:6b:07,11,-85,lea69,48:ee:0c:3a:28:8b,2,-86
2017-11-01 19:28:42,LG-D855,32.16953918,35.08692736,345,1,47-054310354_5,14:ae:db:c5:a4:55,48,-88
2017-11-01 19:28:45,LG-D855,32.16955992,35.08698546,342,7,elankry,00:12:2a:f2:2a:98,11,-76,BezeqFree,62:be:f5:3a:a9:dd,3,-82,barzilay,d0:0f:6d:f0:67:e9,8,-84,David_2.4,80:37:73:e5:d4:47,1,-88,Madar,14:ae:db:a4:e2:22,9,-88,bz19085668_5,14:ae:db:32:aa:cd,48,-90,Dlink 225,e4:6f:13:72:e9:20,1,-90
2017-11-01 19:28:47,LG-D855,32.1695858,35.08704285,344,9,Eyal30,10:be:f5:3a:a9:dc,3,-75,lea69,48:ee:0c:3a:28:8b,2,-78,mor,04:a1:51:13:6b:07,11,-80,wl0_Guest2,5a:f1:df:9e:ec:83,1,-83,meri,ac:f1:df:9e:ec:81,1,-84,DIRECT-B6-HP DeskJet 3830 series,c8:d3:ff:57:40:b7,6,-86,Eyal30,f4:f2:6d:9f:a0:50,3,-86,benhur_5,70:62:b8:31:db:59,48,-93,wl0_Guest3,5a:f1:df:9e:ec:80,1,-89
2017-11-01 19:28:49,LG-D855,32.16961093,35.08709869,345,3,benhur,70:62:b8:31:db:58,11,-85,DIRECT-0A-HP DeskJet 3830 series,fc:3f:db:a0:80:34,8,-88,Habas2.4,c4:12:f5:80:a9:fd,1,-91
2017-11-01 19:28:51,LG-D855,32.16959768,35.08714949,347,6,benhur,70:62:b8:31:db:58,11,-73,Dlink 225,e4:6f:13:72:e9:20,1,-81,47-054310354,14:ae:db:c5:a4:52,3,-85,BezeqFree,14:af:db:c5:a4:52,3,-86,David_2.4_5,80:37:73:e5:d4:48,60,-89,levy1,f8:e9:03:10:03:09,1,-88
2017-11-01 19:28:53,LG-D855,32.16959265,35.08718052,347,5,Madar,14:ae:db:a4:e2:22,9,-72,bz19085668,14:ae:db:32:aa:ca,5,-74,David_2.4,80:37:73:e5:d4:47,1,-82,DIRECT-0A-HP DeskJet 3830 series,fc:3f:db:a0:80:34,8,-83,Madar_5,14:ae:db:a4:e2:25,48,-88
2017-11-01 19:28:55,LG-D855,32.16962448,35.08725108,348,2,BezeqFree,62:be:f5:3a:a9:dd,3,-75,bz19085668_5,14:ae:db:32:aa:cd,48,-83
2017-11-01 19:28:57,LG-D855,32.16965206,35.0872914,349,3,elrina,14:ae:db:47:92:cd,11,-83,BezeqFree,06:ae:db:47:92:cd,11,-88,HP-Print-91-Officejet 6700,84:34:97:1c:bd:91,6,-89
2017-11-01 19:28:59,LG-D855,32.16968278,35.08733796,348,6,DIRECT-Tv-BRAVIA,c6:8e:8f:b2:b0:40,11,-85,DIRECT-2F-HP DeskJet 4670 series,40:b0:34:8f:8c:32,11,-88,BezeqFree,62:be:f5:43:5f:79,11,-88,bismot_home,10:be:f5:43:5f:78,11,-88,BE126-2224cb,d0:0e:d9:22:24:cb,36,-90,GOLAN T,42502_22811_5358539,0,-91
2017-11-01 19:29:01,LG-D855,32.16969549,35.08739519,347,1,HP-Print-91-Officejet 6700,84:34:97:1c:bd:91,6,-84
2017-11-01 19:29:04,LG-D855,32.16973819,35.08745922,346,9,bz19085668,14:ae:db:32:aa:ca,5,-69,bz19085668_5,14:ae:db:32:aa:cd,48,-76,BezeqFree,72:ab:1b:5d:94:3f,7,-88,BezeqFree,14:af:db:be:96:ba,9,-89,david,cc:b2:55:e9:0c:bc,1,-90,home1,14:ae:db:be:96:ba,9,-90,BezeqFree,62:ee:0c:3c:1a:c4,7,-91,shoshn,a0:ab:1b:5d:94:3e,7,-91,Bezeq Free,cc:b2:55:e9:0c:bf,1,-87
2017-11-01 19:29:06,LG-D855,32.16974352,35.08751258,344,5,david,cc:b2:55:e9:0c:bc,1,-82,Bezeq Free,cc:b2:55:e9:0c:bf,1,-82,ARAGON,64:a5:c3:66:9f:9a,6,-82,ubnt,68:72:51:70:e1:1b,11,-87,INSANI,04:a1:51:12:4e:22,11,-92
2017-11-01 19:29:08,LG-D855,32.16975904,35.08756785,344,4,david,cc:b2:55:e9:0c:bc,1,-74,Bezeq Free,cc:b2:55:e9:0c:bf,1,-75,levy1,f8:e9:03:10:03:09,1,-82,elankry_2EX,74:da:38:1d:ea:6c,11,-90
2017-11-01 19:29:10,LG-D855,32.1697626,35.08762174,344,5,BezeqFree,14:af:db:c5:a4:52,3,-78,bismot_home,10:be:f5:43:5f:78,11,-82,shoshn,a0:ab:1b:5d:94:3e,7,-86,piter,f4:f2:6d:bf:d2:89,1,-92,Bezeq Free WA39A3,72:b0:ce:ac:d6:1e,1,-91
2017-11-01 19:29:12,LG-D855,32.16976442,35.08766415,343,3,BezeqFree,62:be:f5:43:5f:79,11,-83,INSANI,04:a1:51:12:4e:22,11,-84,bz16490631@018,c0:a0:bb:cb:9b:34,1,-92
2017-11-01 19:29:15,LG-D855,32.16977253,35.0877335,343,6,BezeqFree,72:ab:1b:5d:94:3f,7,-75,shoshn,a0:ab:1b:5d:94:3e,7,-75,47-054310354,14:ae:db:c5:a4:52,3,-80,BE126-2224cc,d0:0e:d9:22:24:cc,1,-80,DIRECT-2F-HP DeskJet 4670 series,40:b0:34:8f:8c:32,11,-83,Ul,6c:b0:ce:ac:d6:1d,1,-93
2017-11-01 19:29:18,LG-D855,32.16978599,35.08781181,341,2,StrazHome,48:ee:0c:3c:1a:c7,7,-89,Bezeq-n_7FC4,74:44:01:3c:7f:c4,11,-84
2017-11-01 19:29:20,LG-D855,32.16978195,35.08785145,342,3,Ul,6c:b0:ce:ac:d6:1d,1,-85,Bezeq Free WA39A3,72:b0:ce:ac:d6:1e,1,-86,shemtov3_2.4,f8:e9:03:12:4f:84,11,-86
2017-11-01 19:29:22,LG-D855,32.16978362,35.08790216,340,1,Glazer_555,48:ee:0c:3e:6e:65,11,-88
2017-11-01 19:29:24,LG-D855,32.16978479,35.08796286,339,3,ARAGON,64:a5:c3:66:9f:9a,6,-77,47-054310354_5,14:ae:db:c5:a4:55,48,-89,shemtov3_2.4,f8:e9:03:12:4f:84,11,-81
2017-11-01 19:29:26,LG-D855,32.16978021,35.08801209,341,1,Itzhak,4c:60:de:4d:a7:6b,11,-88
2017-11-01 19:29:28,LG-D855,32.16979054,35.08807338,342,6,Bezeq Free WA39A3,72:b0:ce:ac:d6:1e,1,-79,Itzhak,4c:60:de:4d:a7:6b,11,-81,piter,f4:f2:6d:bf:d2:89,1,-82,Eyal30,10:be:f5:3a:a9:dc,3,-86,mor,04:a1:51:13:6b:07,11,-90,Partner.Home-1BF8,50:04:b8:32:1b:f8,7,-91
2017-11-01 19:29:32,LG-D855,32.16980864,35.08817478,342,2,ARAGON,64:a5:c3:66:9f:9a,6,-70,yaniv,14:ae:db:c1:d8:4d,6,-90
2017-11-01 19:29:34,LG-D855,32.16982271,35.08822979,342,4,Bezeq-n_7FC4,74:44:01:3c:7f:c4,11,-78,AVINET 2.4G,90:8d:78:55:0c:75,1,-87,teva321846,44:94:fc:4b:24:66,1,-90,Bezeq Free,62:94:fc:4b:24:67,1,-91
2017-11-01 19:29:36,LG-D855,32.16982672,35.08828007,342,2,BezeqFree,62:be:f5:3a:a9:dd,3,-84,madar1,fc:75:16:53:0e:34,6,-91
2017-11-01 19:29:41,LG-D855,32.1698323,35.08841105,345,4,Bezeq Free,62:94:fc:4b:24:67,1,-81,AVINET 2.4G,90:8d:78:55:0c:75,1,-82,teva321846,44:94:fc:4b:24:66,1,-85,GOLAN T,42502_22811_5358539,0,-95
2017-11-01 19:29:43,LG-D855,32.16983935,35.08846786,344,7,DIRECT-9B-HP OfficeJet Pro 8710,ec:8e:b5:01:e9:42,6,-79,nata,10:be:f5:38:95:48,1,-85,wl0_Guest3,72:be:f5:40:fb:3d,9,-85,ksofek,10:be:f5:40:fb:3e,9,-86,bz19085668,14:ae:db:32:aa:ca,5,-88,ben ami_2.4,c4:a8:1d:14:19:d2,1,-89,wl0_Guest2,72:be:f5:40:fb:3c,9,-85
2017-11-01 19:29:45,LG-D855,32.16984231,35.08850245,345,4,ben ami_2.4,c4:a8:1d:14:19:d2,1,-77,yaniv,14:ae:db:c1:d8:4d,6,-80,AVINET 5G,90:8d:78:55:0c:74,60,-84,Zakopniuk,a0:ab:1b:5e:25:fc,10,-89
2017-11-01 19:29:47,LG-D855,32.16984548,35.08852801,345,6,DIRECT-9B-HP OfficeJet Pro 8710,ec:8e:b5:01:e9:42,6,-73,AVINET 2.4G,90:8d:78:55:0c:75,1,-77,wl0_Guest3,72:be:f5:40:fb:3d,9,-79,ksofek,10:be:f5:40:fb:3e,9,-81,madar1,fc:75:16:53:0e:34,6,-82,wl0_Guest2,72:be:f5:40:fb:3c,9,-78
2017-11-01 19:29:49,LG-D855,32.1698886,35.08859822,348,3,DIRECT-AP[TV][LG]50LA621Y-TD,12:08:c1:9a:f6:0a,1,-79,256_5567bc,90:8d:78:55:67:c2,3,-87,GOLAN T,42502_22811_5358539,0,-81
2017-11-01 19:29:51,LG-D855,32.1699143,35.08864416,347,1,madar1,fc:75:16:53:0e:34,6,-75
2017-11-01 19:29:53,LG-D855,32.16994259,35.08869164,348,3,AVINET 5G,90:8d:78:55:0c:74,60,-69,AVINET 2.4G,90:8d:78:55:0c:75,1,-71,eizik,4c:60:de:42:fd:b2,11,-87
2017-11-01 19:29:57,LG-D855,32.17000626,35.08878321,349,2,nata,10:be:f5:38:95:48,1,-78,eizik,4c:60:de:42:fd:b2,11,-79
2017-11-01 19:29:59,LG-D855,32.17004193,35.08881129,348,3,TP-LINK_46FB0A,10:fe:ed:46:fb:0a,6,-87,BezeqFree,6a:12:f5:fd:16:65,1,-89,maragud,c4:12:f5:fd:16:64,1,-90
2017-11-01 19:30:01,LG-D855,32.17007891,35.08884132,346,3,BezeqFree,6a:12:f5:fd:16:65,1,-82,maragud,c4:12:f5:fd:16:64,1,-84,Carmel,a0:ab:1b:55:16:b0,1,-90
2017-11-01 19:30:03,LG-D855,32.1701153,35.08887207,347,6,ubnt,68:72:51:70:e1:1b,11,-87,dror,6c:b0:ce:aa:90:8a,6,-88,BezeqFree,06:ae:db:b3:ab:d5,11,-88,Amar_2.4,3c:1e:04:02:e2:03,11,-89,Victor,14:ae:db:b3:ab:d5,11,-90,Bezeq Free 3A2618,5a:b0:ce:aa:90:8b,6,-92
2017-11-01 19:30:05,LG-D855,32.17015908,35.08889789,347,3,Partner.Home-1BF8,50:04:b8:32:1b:f8,7,-86,mangina,04:a1:51:11:07:32,11,-87,Matya-shomron,c4:04:15:19:76:d4,11,-91
2017-11-01 19:30:07,LG-D855,32.17019303,35.08891104,348,2,ksofek,10:be:f5:40:fb:3e,9,-76,Amar_2.4,3c:1e:04:02:e2:03,11,-83
2017-11-01 19:30:10,LG-D855,32.17025847,35.08892796,348,7,wl0_Guest3,72:be:f5:40:fb:3d,9,-74,TP-LINK_46FB0A,10:fe:ed:46:fb:0a,6,-78,dror,6c:b0:ce:aa:90:8a,6,-80,ubnt,68:72:51:70:e1:1b,11,-81,Bezeq Free 3A2618,5a:b0:ce:aa:90:8b,6,-81,dror_5,6c:b0:ce:aa:90:8b,60,-92,GOLAN T,42502_22811_5363189,0,-93
2017-11-01 19:30:12,LG-D855,32.1702801,35.08893764,349,1,mangina,04:a1:51:11:07:32,11,-72
2017-11-01 19:30:18,LG-D855,32.17040295,35.08896551,346,3,ksofek,10:be:f5:40:fb:3e,9,-71,wl0_Guest2,72:be:f5:40:fb:3c,9,-71,MorProduction,84:26:15:eb:7a:33,1,-92
2017-11-01 19:30:20,LG-D855,32.17044728,35.08896831,344,1,TP-LINK_75B305,ec:08:6b:75:b3:05,8,-86
2017-11-01 19:30:24,LG-D855,32.17054288,35.08897285,346,2,Ludmila1,e8:fc:af:9b:cf:b6,13,-88,Bezeq Free 1025EF,52:fc:af:9b:cf:b7,13,-88
2017-11-01 19:30:30,LG-D855,32.17057607,35.08882787,343,1,Eran-Wifi,c4:12:f5:fe:2c:0c,3,-89
2017-11-01 19:30:32,LG-D855,32.17059229,35.08878466,344,1,Adam,3c:1e:04:08:e9:56,11,-90
2017-11-01 19:30:36,LG-D855,32.1706282,35.08871012,347,1,melamed,10:be:f5:34:c5:1c,1,-91
2017-11-01 19:30:38,LG-D855,32.17064792,35.08866512,348,3,Eran-Wifi,c4:12:f5:fe:2c:0c,3,-82,Bezeq Free 1025EF,52:fc:af:9b:cf:b7,13,-83,Ludmila1_5,e8:fc:af:9b:cf:b7,56,-88
2017-11-01 19:30:40,LG-D855,32.17065848,35.08862429,349,2,Ludmila1,e8:fc:af:9b:cf:b6,13,-83,Adam,3c:1e:04:08:e9:56,11,-84
2017-11-01 19:30:44,LG-D855,32.17072299,35.08855112,349,1,ubnt,68:72:51:70:e1:1b,11,-75
2017-11-01 19:30:48,LG-D855,32.17081588,35.08849706,350,2,melamed,10:be:f5:34:c5:1c,1,-86,YICarCam_ff06fe,58:70:c6:ff:06:fe,5,-74
2017-11-01 19:30:58,LG-D855,32.17100981,35.08837983,351,2,YICarCam_ff06fe,58:70:c6:ff:06:fe,5,-66,GOLAN T,42502_22811_5363189,0,-81
2017-11-01 19:31:07,LG-D855,32.17113424,35.08824071,352,1,Bezeq-N_0bf832,bc:f6:85:0b:f8:33,13,-91
2017-11-01 19:31:10,LG-D855,32.17114207,35.08817414,353,2,elkin cave_5,20:0c:c8:11:31:79,60,-91,ofiraks,48:ee:0c:3a:82:f7,7,-87
2017-11-01 19:31:12,LG-D855,32.17117586,35.08816014,353,5,elkin cave,20:0c:c8:11:31:78,1,-84,BezeqFree,5a:be:f5:3c:fd:cd,3,-86,hannyy1,10:be:f5:3c:fd:cc,3,-87,narvona_2.4,10:5a:f7:06:8f:35,1,-91,Bezeq Free 702C73,62:0c:c8:11:31:79,1,-84
2017-11-01 19:31:18,LG-D855,32.17125858,35.08806572,351,4,BezeqFree,5a:be:f5:3c:fd:cd,3,-79,hannyy1,10:be:f5:3c:fd:cc,3,-80,Bezeq-N_0bf832,bc:f6:85:0b:f8:33,13,-84,narvona_5,10:5a:f7:06:8f:36,52,-87
2017-11-01 19:31:20,LG-D855,32.17127402,35.08802685,352,3,DIRECT-45-HP DeskJet 3830 series,30:e1:71:08:a6:46,1,-79,HP-Print-28-Officejet Pro 6230,58:20:b1:d1:c3:28,6,-82,Bezeq Free,62:0c:c8:11:f6:83,1,-90
2017-11-01 19:31:23,LG-D855,32.17132617,35.08799012,352,1,shabat,d4:d1:84:fe:4d:71,11,-84
2017-11-01 19:31:28,LG-D855,32.17139773,35.08792034,352,2,narvona_2.4,10:5a:f7:06:8f:35,1,-84,Bezeq-n_125A,84:26:15:ee:53:73,6,-90
2017-11-01 19:31:31,LG-D855,32.17143676,35.08786739,353,1,Bezeq-N_0bf832,bc:f6:85:0b:f8:33,13,-78
2017-11-01 19:31:33,LG-D855,32.17147139,35.08784336,354,3,Meir-2.4G,14:ae:db:c6:f8:1a,2,-84,SosiaZohar_2.4,c4:04:15:65:4e:3f,6,-86,Bezeq Free N03161,62:04:15:65:4e:3c,6,-86
2017-11-01 19:31:34,LG-D855,32.17148366,35.08782758,353,1,Bezeq-n_125A,84:26:15:ee:53:73,6,-84
2017-11-01 19:31:37,LG-D855,32.17153406,35.08779832,352,2,Bezeq-N_0bf832,bc:f6:85:0b:f8:33,13,-72,ezra,14:ae:db:ce:95:85,6,-82
2017-11-01 19:31:39,LG-D855,32.17156371,35.0877801,351,3,NIPPON_0949,08:97:58:33:a6:42,1,-80,Bathen1,48:ee:0c:3c:ce:9a,8,-90,BezeqFree,62:ee:0c:3c:ce:9b,8,-91
2017-11-01 19:31:43,LG-D855,32.17164357,35.08774151,351,5,elkin cave,20:0c:c8:11:31:78,1,-79,Bathen1_5EX,74:da:38:a3:d2:b4,36,-81,Bathen1,48:ee:0c:3c:ce:9a,8,-82,BezeqFree,62:ee:0c:3c:ce:9b,8,-82,DIRECT-L2-AS-XtreamerWhizz,6e:fa:a7:d0:bd:c0,11,-81
2017-11-01 19:31:45,LG-D855,32.17166643,35.08770992,351,4,NIPPON_0949,08:97:58:33:a6:42,1,-73,Bezeq Free 702C73,62:0c:c8:11:31:79,1,-75,ezra,14:ae:db:ce:95:85,6,-77,tova_agam,16:0c:c3:ef:06:e1,6,-79
2017-11-01 19:31:47,LG-D855,32.17165687,35.08767003,350,1,ezra,14:ae:db:ce:95:85,6,-72
2017-11-01 19:31:50,LG-D855,32.17162325,35.08761626,348,1,sarit-2.4,10:5a:f7:0f:b7:35,1,-91
2017-11-01 19:31:52,LG-D855,32.17158159,35.08756721,346,5,tova_agam,16:0c:c3:ef:06:e1,6,-69,elkin cave,20:0c:c8:11:31:78,1,-74,Bathen1,48:ee:0c:3c:ce:9a,8,-76,BezeqFree,62:ee:0c:3c:ce:9b,8,-76,DIRECT-5B-HP DeskJet 4670 series,c8:d3:ff:01:ce:5c,4,-87
2017-11-01 19:31:54,LG-D855,32.17154628,35.08752373,347,1,narvona_2.4,10:5a:f7:06:8f:35,1,-77
2017-11-01 19:31:58,LG-D855,32.17153086,35.08743795,347,1,Uechi2,f8:e9:03:11:54:41,11,-90
2017-11-01 19:32:00,LG-D855,32.17151218,35.08738454,350,2,sarit-2.4,10:5a:f7:0f:b7:35,1,-84,DIRECT-CB-HP OfficeJet Pro 8720,98:e7:f4:f9:9f:ce,1,-92
2017-11-01 19:32:02,LG-D855,32.17150391,35.08736342,347,4,sarit-2.4,10:5a:f7:0f:b7:35,1,-78,Uechi2,f8:e9:03:11:54:41,11,-81,Milki,c4:12:f5:f7:0f:9e,7,-87,GOLAN T,42502_22811_5363189,0,-93
2017-11-01 19:32:04,LG-D855,32.17149047,35.08731989,349,1,GOLAN T,42502_22811_5363189,0,-87
2017-11-01 19:32:05,LG-D855,32.17147345,35.0872996,348,7,DIRECT-5B-HP DeskJet 4670 series,c8:d3:ff:01:ce:5c,4,-82,miki,c8:3a:35:25:8a:b0,4,-83,sarit-5,10:5a:f7:0f:b7:36,52,-86,BezeqFree,14:af:db:32:9c:4a,1,-88,noriel,a0:ab:1b:62:e9:ca,11,-88,zonshain,14:ae:db:32:9c:4a,1,-89,Bezeq_WiFi,10:be:f5:37:88:56,10,-93
2017-11-01 19:32:08,LG-D855,32.17146571,35.08725042,348,1,Debi2.4,c4:12:f5:81:c2:6e,1,-90
2017-11-01 19:32:10,LG-D855,32.17144836,35.08721447,349,2,DIRECT-CB-HP OfficeJet Pro 8720,98:e7:f4:f9:9f:ce,1,-80,Milki,c4:12:f5:f7:0f:9e,7,-79
2017-11-01 19:32:12,LG-D855,32.17141999,35.08714998,349,4,DIRECT-CB-HP OfficeJet Pro 8720,98:e7:f4:f9:9f:ce,1,-69,DIRECT-5B-HP DeskJet 4670 series,c8:d3:ff:01:ce:5c,4,-75,sarit-5,10:5a:f7:0f:b7:36,52,-80,BezeqFree,14:af:db:32:9c:4a,1,-83
2017-11-01 19:32:14,LG-D855,32.17138294,35.08710962,349,2,noriel,a0:ab:1b:62:e9:ca,11,-82,YOSEF,14:ae:db:4e:33:a5,11,-91
2017-11-01 19:32:16,LG-D855,32.17135309,35.08706585,345,3,sarit-2.4,10:5a:f7:0f:b7:35,1,-73,Shay_2.4,f8:e9:03:13:c5:16,6,-84,BezeqFree,72:be:f5:37:88:57,10,-91
2017-11-01 19:32:18,LG-D855,32.17132252,35.08702026,345,3,sarit-5,10:5a:f7:0f:b7:36,52,-65,Debi2.4,c4:12:f5:81:c2:6e,1,-83,Binder-Ginot,24:3c:20:aa:00:82,11,-88
2017-11-01 19:32:20,LG-D855,32.17132146,35.08698142,348,4,sarit-2.4,10:5a:f7:0f:b7:35,1,-67,miki,c8:3a:35:25:8a:b0,4,-76,SHLOMIT,00:21:04:8c:8e:12,6,-86,Bezeq Free,52:b0:ce:38:4f:e0,11,-88
2017-11-01 19:32:22,LG-D855,32.17129512,35.08693117,348,3,Shlomi1,a0:ab:1b:55:6d:36,1,-85,NOSEL,6c:b0:ce:38:4f:e3,11,-87,DIRECT-CC-HP DeskJet 4670 series,30:e1:71:43:b5:cd,1,-90
2017-11-01 19:32:24,LG-D855,32.17128933,35.08688408,350,3,DIRECT-9A-HP DeskJet 3830 series,98:e7:f4:c6:6b:9b,6,-88,felix2.4,14:ae:db:38:cb:c5,11,-89,PAUL_WIFI,48:ee:0c:3e:ac:cc,3,-90
2017-11-01 19:32:26,LG-D855,32.17127201,35.08682571,352,1,felix2.4,14:ae:db:38:cb:c5,11,-84
2017-11-01 19:32:28,LG-D855,32.17123879,35.08677707,351,3,SHLOMIT,00:21:04:8c:8e:12,6,-80,yashard-1,10:be:f5:35:d6:96,6,-85,BezeqFree,06:ae:db:38:cb:c5,11,-86
2017-11-01 19:32:31,LG-D855,32.17120986,35.08672209,353,4,asher 24,10:5a:f7:0a:09:f5,1,-83,Bezeq_WiFi,10:be:f5:37:88:56,10,-85,BezeqFree,72:be:f5:37:88:57,10,-86,Xenodon,d4:d1:84:fe:b8:e1,1,-84
2017-11-01 19:32:33,LG-D855,32.17118189,35.08667656,353,4,Shlomi1,a0:ab:1b:55:6d:36,1,-79,Gal 2.4G,c4:12:f5:80:55:24,1,-90,Debi5,c4:12:f5:81:c2:6f,48,-93,yosi1,10:be:f5:34:d6:74,1,-90
2017-11-01 19:32:35,LG-D855,32.17115956,35.08662295,354,1,Konstantin,84:26:15:ea:e6:53,1,-91
2017-11-01 19:32:37,LG-D855,32.17114281,35.08659185,352,1,Gal 2.4G,c4:12:f5:80:55:24,1,-81
2017-11-01 19:32:39,LG-D855,32.17114152,35.08654732,353,1,Cofic WL,80:1f:02:81:0f:20,11,-93
2017-11-01 19:32:41,LG-D855,32.17111948,35.08649064,355,5,BezeqFree,72:be:f5:37:88:57,10,-81,sharon,c4:04:15:20:40:f6,6,-89,Biton,d0:d4:12:67:16:1a,1,-89,BezeqFree,5a:be:f5:35:d6:97,6,-90,DIRECT-2A-HP DeskJet 3830 series,fc:3f:db:a1:c0:cd,6,-90
2017-11-01 19:32:43,LG-D855,32.17110985,35.08646151,354,10,Bezeq_WiFi,10:be:f5:37:88:56,10,-72,BezeqFree,72:be:f5:37:88:57,10,-72,yosi1,10:be:f5:34:d6:74,1,-74,Konstantin,84:26:15:ea:e6:53,1,-77,Bezeq_WiFi,10:be:f5:37:88:56,10,-80,Cofic WL,80:1f:02:81:0f:20,11,-80,oriahd,14:ae:db:b7:a4:dd,11,-81,Biton,d0:d4:12:67:16:1a,1,-81,yosi1,10:be:f5:34:d6:74,1,-82,Oren,c4:a8:1d:12:74:16,6,-82
2017-11-01 19:32:49,LG-D855,32.17107753,35.08634238,358,3,DIRECT-2A-HP DeskJet 3830 series,fc:3f:db:a1:c0:cd,6,-81,BezeqFree,5a:be:f5:35:d6:97,6,-84,yosi1_5GExt,d0:0e:d9:15:c8:1a,36,-91
2017-11-01 19:32:51,LG-D855,32.1710608,35.08630391,357,2,yosi1,10:be:f5:34:d6:74,1,-68,GOLAN T,42502_22811_5363189,0,-97
2017-11-01 19:32:53,LG-D855,32.17104521,35.08625889,358,6,Bezeq_WiFi_2.4,14:ae:db:31:8a:5a,11,-76,yosi1_5GExt,d0:0e:d9:15:c8:1a,36,-80,yosi1_2GExt,d0:0e:d9:15:c8:1b,1,-80,sushi,14:ae:db:52:90:bd,1,-84,HomeAlon 2.4,14:ae:db:cd:dc:2a,11,-86,Bezeq_WiFi_5.0,14:ae:db:31:8a:5d,48,-88
2017-11-01 19:32:55,LG-D855,32.17102817,35.08619938,359,1,HomeAlon 5.0,14:ae:db:cd:dc:2d,44,-90
2017-11-01 19:32:59,LG-D855,32.17101833,35.08611279,360,2,Itzko_2.4,a4:2b:8c:97:01:a3,11,-89,Bezeq Free MA023E,62:2b:8c:97:01:a0,11,-89
2017-11-01 19:33:01,LG-D855,32.17100121,35.08606845,360,4,Bezeq Free MA023E,62:2b:8c:97:01:a0,11,-82,Saltz,60:e3:27:e8:55:10,11,-85,noriel,a0:ab:1b:62:e9:ca,11,-89,Bezeq Free HA725A,62:ff:d4:7f:5d:c2,1,-81
2017-11-01 19:33:03,LG-D855,32.17099146,35.08604205,362,2,sergi_2.4,c8:d3:a3:21:4e:61,1,-85,ADSL,e0:46:9a:81:02:30,11,-89
2017-11-01 19:33:05,LG-D855,32.17091626,35.0859721,362,4,sushi,14:ae:db:52:90:bd,1,-77,ella013_2.4,f8:e9:03:13:42:f9,11,-88,michal_2.4,c4:04:15:65:e3:5d,11,-88,Bezeq Free 810230,62:46:9a:81:02:31,11,-90
2017-11-01 19:33:07,LG-D855,32.1709284,35.08592827,361,2,Amir,00:90:8f:38:14:00,3,-79,salem.wifi_2.4,c4:a8:1d:12:57:8a,1,-93
2017-11-01 19:33:12,LG-D855,32.17092852,35.08583752,359,3,Amir,00:90:8f:38:14:00,3,-70,sergi_2.4,c8:d3:a3:21:4e:61,1,-79,Hadad_2.4,f8:e9:03:14:4e:c2,10,-81
2017-11-01 19:33:14,LG-D855,32.17091223,35.08579755,360,2,mendelson,ac:f1:df:9e:79:31,6,-90,GOLAN T,42502_22811_5358518,0,-101
2017-11-01 19:33:16,LG-D855,32.17090034,35.08573956,362,9,sergi_2.4,c8:d3:a3:21:4e:61,1,-71,ella013_2.4,f8:e9:03:13:42:f9,11,-80,michal_2.4,c4:04:15:65:e3:5d,11,-83,Miriam1-2.4,c4:04:15:0f:e9:eb,1,-84,salem.wifi_2.4,c4:a8:1d:12:57:8a,1,-85,Miriam1-5,c4:04:15:0f:e9:ec,60,-88,Hadad5,f8:e9:03:14:4e:c3,48,-89,michal_5,c4:04:15:65:e3:5e,60,-89,SunshineDaydream_2.4,3c:1e:04:05:bb:ed,1,-87
2017-11-01 19:33:18,LG-D855,32.17089041,35.08570047,361,2,52962131,14:ae:db:b6:8a:cd,6,-84,salem.wifi_5,c4:a8:1d:12:57:8b,48,-92
2017-11-01 19:33:20,LG-D855,32.17087068,35.08564872,362,4,PAUL_WIFI,48:ee:0c:3e:ac:cc,3,-78,kanima,e8:fc:af:8b:f5:ee,11,-82,ella013_5,f8:e9:03:13:42:fa,48,-92,sinmandella_2.4,3c:1e:04:06:a6:8f,1,-92
2017-11-01 19:33:22,LG-D855,32.17083508,35.08559508,363,7,michal_2.4,c4:04:15:65:e3:5d,11,-76,Menashe24,6c:b0:ce:35:84:96,11,-76,salem.wifi_2.4,c4:a8:1d:12:57:8a,1,-79,Miriam1-5,c4:04:15:0f:e9:ec,60,-82,michal_5,c4:04:15:65:e3:5e,60,-84,chadeena 2.4,20:0c:c8:1d:df:ac,1,-90,sinmandella,00:e0:20:14:a6:95,1,-91
2017-11-01 19:33:24,LG-D855,32.1708084,35.08553174,364,4,Miriam1-2.4,c4:04:15:0f:e9:eb,1,-78,salem.wifi_5,c4:a8:1d:12:57:8b,48,-83,asido7,f8:e9:03:14:0f:3b,11,-90,GOLAN T,42502_22811_5358518,0,-91
2017-11-01 19:33:26,LG-D855,32.17077583,35.08546647,361,2,bz097929240_2.4,04:a1:51:c8:a8:76,1,-84,asido7_5,f8:e9:03:14:0f:3c,48,-94
2017-11-01 19:33:28,LG-D855,32.17075225,35.08542579,360,5,michal_5,c4:04:15:65:e3:5e,60,-74,sinmandella_2.4,3c:1e:04:06:a6:8f,1,-85,Konstantin,84:26:15:ea:e6:53,1,-88,asido7_5,f8:e9:03:14:0f:3c,48,-89,sinmandella_5,3c:1e:04:06:a6:90,48,-90
2017-11-01 19:33:31,LG-D855,32.17073812,35.08537969,357,1,sinmandella,00:e0:20:14:a6:95,1,-82
2017-11-01 19:33:33,LG-D855,32.17071171,35.08531147,356,2,boli5,14:ae:db:57:47:45,9,-83,ramaty,c4:12:f5:f7:27:22,4,-89
2017-11-01 19:33:35,LG-D855,32.17069709,35.08526985,356,5,sinmandella_2.4,3c:1e:04:06:a6:8f,1,-75,asido7,f8:e9:03:14:0f:3b,11,-84,etel,c8:be:19:08:ea:09,11,-86,myHomeWan_2.4,3c:1e:04:09:01:47,4,-90,WirelessAP,78:d3:8d:f6:82:d8,7,-91
2017-11-01 19:33:38,LG-D855,32.17067818,35.08518563,359,3,chadeena 2.4,20:0c:c8:1d:df:ac,1,-82,Bezeq_WiFi_2.4,14:ae:db:31:8a:5a,11,-86,Tul86 2.4,20:0c:c8:1a:d9:89,1,-91
2017-11-01 19:33:42,LG-D855,32.17067084,35.08508423,357,4,DIRECT-c8-HP M130f LaserJet,fa:da:0c:7b:df:c8,9,-79,Tamir,a0:ab:1b:5f:8b:90,3,-79,sinmandella_5,3c:1e:04:06:a6:90,48,-82,meirah,60:e3:27:e8:51:2e,1,-87
2017-11-01 19:33:44,LG-D855,32.1706877,35.08504389,355,5,boli5,14:ae:db:57:47:45,9,-77,Avivmazov,c8:be:19:09:39:91,11,-84,avivmazov,62:be:19:09:39:93,11,-85,chadeena 5,20:0c:c8:1d:df:ad,60,-86,,62:45:b6:17:9f:9b,40,-87
2017-11-01 19:33:46,LG-D855,32.17069046,35.08498277,356,2,chadeena 2.4,20:0c:c8:1d:df:ac,1,-74,hadari,48:ee:0c:3a:47:7b,11,-89
2017-11-01 19:33:48,LG-D855,32.17068232,35.08491762,357,1,BezeqFree,62:ee:0c:3a:47:78,11,-86
2017-11-01 19:33:50,LG-D855,32.170673,35.08486451,357,4,chadeena 5,20:0c:c8:1d:df:ad,60,-80,meirah,60:e3:27:e8:51:2e,1,-81,WirelessAP,78:d3:8d:f6:82:d8,7,-85,BezeqFree,5a:ab:1b:5f:8b:91,3,-89
2017-11-01 19:33:52,LG-D855,32.17066988,35.08484127,356,2,Livenrus,00:12:2a:34:6c:5c,6,-87,theeasternfront,00:0f:cb:b6:e5:06,11,-90
2017-11-01 19:33:54,LG-D855,32.17065233,35.08479067,356,3,Shimi14,14:ae:db:45:44:35,1,-88,Zuarez,a0:ab:1b:61:2a:b8,3,-88,shimi1,f8:1a:67:c2:50:0a,1,-90
2017-11-01 19:33:56,LG-D855,32.17063888,35.08473024,356,2,meirah,60:e3:27:e8:51:2e,1,-72,,18:d6:c7:83:d3:19,11,-83
2017-11-01 19:33:58,LG-D855,32.17062822,35.08469399,355,1,albert,9c:d3:6d:96:f2:f8,11,-91
2017-11-01 19:34:01,LG-D855,32.17061719,35.08463968,355,1,BezeqFree,62:ab:1b:61:2a:b9,3,-89
2017-11-01 19:34:03,LG-D855,32.17061039,35.08459493,355,3,michal_2.4,c4:04:15:65:e3:5d,11,-80,hadari,48:ee:0c:3a:47:7b,11,-84,BezeqFree,5a:ab:1b:5f:8b:91,3,-82
2017-11-01 19:34:05,LG-D855,32.17058945,35.08455097,352,4,moshehans,d8:fe:e3:02:28:61,11,-82,theeasternfront,00:0f:cb:b6:e5:06,11,-85,Moshe Hans,00:12:2a:3a:41:8c,1,-86,BezeqNGN_007022_2.4GHz_1,d8:fe:e3:04:77:b9,11,-88
2017-11-01 19:34:07,LG-D855,32.17056946,35.08452541,350,7,BezeqFree,62:ee:0c:3a:47:78,11,-75,hadari,48:ee:0c:3a:47:7b,11,-76,Amrani,f8:1a:67:35:0c:74,1,-87,zehava_2.4,6c:b0:ce:a5:c6:fb,1,-92,rhue 1,a0:ab:1b:62:7e:04,5,-92,Bezeq Free,52:b0:ce:a5:c6:f8,1,-93,GOLAN T,42502_22811_5358518,0,-87
2017-11-01 19:34:12,LG-D855,32.1705181,35.08440495,348,4,Zuarez,a0:ab:1b:61:2a:b8,3,-79,BezeqFree,62:ab:1b:61:2a:b9,3,-80,Porotkov,00:50:7f:ce:5d:64,11,-87,dom1_ext,a4:2b:b0:e0:2f:41,6,-88
2017-11-01 19:34:16,LG-D855,32.17052725,35.08429474,350,3,zehava_2.4,6c:b0:ce:a5:c6:fb,1,-86,Bezeq Free,52:b0:ce:a5:c6:f8,1,-87,Pantum-AP-9E07A2,28:f3:66:9e:07:a2,2,-89
2017-11-01 19:34:18,LG-D855,32.17054543,35.08426402,351,5,Avivmazov,c8:be:19:09:39:91,11,-77,avivmazov,62:be:19:09:39:93,11,-77,Yulia,00:90:8f:7d:a3:e4,3,-86,asido7,f8:e9:03:14:0f:3b,11,-89,AHARON_1_2.4,10:5a:f7:0f:45:e1,11,-87
2017-11-01 19:34:20,LG-D855,32.17054005,35.0842026,351,3,Amrani,f8:1a:67:35:0c:74,1,-81,ray2.4,90:8d:78:50:aa:ba,9,-90,Bezeq-N_0da435,bc:f6:85:0d:a4:36,6,-88
2017-11-01 19:34:22,LG-D855,32.17054381,35.08415543,352,5,zehava_2.4,6c:b0:ce:a5:c6:fb,1,-74,Bezeq Free,52:b0:ce:a5:c6:f8,1,-74,zehava_5,6c:b0:ce:a5:c6:fc,60,-78,shimi1,f8:1a:67:c2:50:0a,1,-85,Uzi,6c:19:8f:49:f3:f0,6,-91
2017-11-01 19:34:25,LG-D855,32.1705539,35.08405826,354,5,zehava_5,6c:b0:ce:a5:c6:fc,60,-70,AHARON_1_2.4,10:5a:f7:0f:45:e1,11,-81,Tamir,a0:ab:1b:5f:8b:90,3,-82,Farhi,10:be:f5:3c:ef:12,9,-87,GOLAN T,42502_22811_5358518,0,-71
2017-11-01 19:34:26,LG-D855,32.17055021,35.08402991,354,4,zehava_2.4,6c:b0:ce:a5:c6:fb,1,-67,Bezeq Free,52:b0:ce:a5:c6:f8,1,-67,Amrani,f8:1a:67:35:0c:74,1,-72,225_55ab58,a0:ab:1b:55:ab:5c,1,-91
2017-11-01 19:34:30,LG-D855,32.17057228,35.08393489,353,1,ray2.4,90:8d:78:50:aa:ba,9,-84
2017-11-01 19:34:31,LG-D855,32.17057244,35.08391124,353,3,225_55ab58,a0:ab:1b:55:ab:5c,1,-83,AHARON_1_5,10:5a:f7:0f:45:e2,52,-89,DIRECT-8F-HP DeskJet 3830 series,30:e1:71:09:21:90,9,-92
2017-11-01 19:34:33,LG-D855,32.17058501,35.08386999,351,3,Guest-WiFi,6e:3b:6b:c5:81:e9,1,-81,shimeister,6c:3b:6b:c5:81:e9,1,-82,shabti,a0:4f:d4:3a:a2:61,6,-90
2017-11-01 19:34:35,LG-D855,32.17059541,35.08381895,351,4,AHARON_1_2.4,10:5a:f7:0f:45:e1,11,-76,AHARON_1_5,10:5a:f7:0f:45:e2,52,-81,Pantum-AP-9E07A2,28:f3:66:9e:07:a2,2,-83,HP-Print-C7-Deskjet 4640 series,64:51:06:71:e2:c7,6,-87
2017-11-01 19:34:37,LG-D855,32.17059325,35.08378173,349,1,Yulia,00:90:8f:7d:a3:e4,3,-81
2017-11-01 19:34:39,LG-D855,32.17059197,35.08372951,348,2,Pantum-AP-9E07A2,28:f3:66:9e:07:a2,2,-72,Bezeq_WiFi_2.4,90:8d:78:53:38:1e,1,-88
2017-11-01 19:34:42,LG-D855,32.17059342,35.08368219,345,1,Yulia,00:90:8f:7d:a3:e4,3,-73
2017-11-01 19:34:45,LG-D855,32.17060368,35.08360953,344,4,sara_2.4,6c:b0:ce:aa:0d:ab,11,-81,Bezeq Free WA1D3D,5a:b0:ce:aa:0d:a8,11,-83,sara_2.4_5,6c:b0:ce:aa:0d:ac,60,-85,Bezeq_WiFi_5.0,90:8d:78:53:38:1b,60,-90
2017-11-01 19:34:47,LG-D855,32.17060052,35.08355207,345,3,RafiH,cc:b2:55:e9:45:74,4,-81,BezeqFree,5a:ab:1b:5f:8b:91,3,-85,default8,80:1f:02:3c:48:fc,11,-83
2017-11-01 19:34:51,LG-D855,32.17061285,35.08345993,346,1,Bezeq_WiFi_2.4,90:8d:78:53:38:1e,1,-83
2017-11-01 19:34:52,LG-D855,32.17061268,35.08343996,346,1,Bezeq_WiFi_2.4,90:8d:78:53:38:1e,1,-77
2017-11-01 19:34:55,LG-D855,32.17062106,35.08336427,345,1,Gerber,ac:f1:df:a0:93:19,6,-88
2017-11-01 19:34:57,LG-D855,32.17062688,35.08332279,346,2,Spring,14:ae:db:b7:7f:ad,11,-82,Dina2.4,e8:fc:af:9b:c2:01,1,-87
2017-11-01 19:35:00,LG-D855,32.17063265,35.08325433,347,4,Avivmazov,c8:be:19:09:39:91,11,-83,avivmazov,62:be:19:09:39:93,11,-84,BezeqFree,06:ae:db:b7:7f:ad,11,-86,dzilbers,ac:f1:df:a0:77:59,1,-87
2017-11-01 19:35:02,LG-D855,32.1706154,35.08323019,345,3,Dina2.4,e8:fc:af:9b:c2:01,1,-80,shabti,a0:4f:d4:3a:a2:61,6,-85,MatchBoxAir,10:fe:ed:e1:39:be,11,-83
2017-11-01 19:35:06,LG-D855,32.17054762,35.0832167,344,2,shabti,a0:4f:d4:3a:a2:61,6,-79,HP-Print-6A-Officejet Pro 8600,2c:76:8a:bf:f6:6a,6,-90
2017-11-01 19:35:08,LG-D855,32.17051331,35.08321549,345,4,Gerber,ac:f1:df:a0:93:19,6,-82,Dina5,e8:fc:af:9b:c2:02,60,-82,Dina-new,74:da:38:c3:26:6d,2,-89,DIRECT-aUMFC-J4420DW,2e:33:7a:31:41:14,6,-90
2017-11-01 19:35:10,LG-D855,32.17048423,35.08321965,344,1,Z_FRISH,10:be:f5:3e:5d:8e,7,-89
2017-11-01 19:35:12,LG-D855,32.1704456,35.08321022,343,1,Susswein,00:21:04:49:9e:42,9,-81
2017-11-01 19:35:13,LG-D855,32.17042711,35.08320824,344,1,Dina2.4,e8:fc:af:9b:c2:01,1,-73
2017-11-01 19:35:16,LG-D855,32.17038669,35.08320763,344,2,DIRECT-aUMFC-J4420DW,2e:33:7a:31:41:14,6,-82,russhome,50:c7:bf:8a:6f:61,11,-82
2017-11-01 19:35:20,LG-D855,32.17031586,35.08320969,344,3,shabti,a0:4f:d4:3a:a2:61,6,-72,DIRECT-aUMFC-J4420DW,2e:33:7a:31:41:14,6,-77,,ac:3a:7a:38:ed:11,1,-80
2017-11-01 19:35:22,LG-D855,32.17026381,35.08320561,342,6,MatchBoxAir,10:fe:ed:e1:39:be,11,-72,Dina5,e8:fc:af:9b:c2:02,60,-76,russhome,50:c7:bf:8a:6f:61,11,-76,,b0:a7:37:96:c3:dd,1,-83,russhome_5G,50:c7:bf:8a:6f:63,36,-84,moran,d0:d4:12:68:99:ca,1,-87
2017-11-01 19:35:24,LG-D855,32.17021538,35.08320317,342,4,shabti,a0:4f:d4:3a:a2:61,6,-66,MatchBoxAir,10:fe:ed:e1:39:be,11,-66,Dina2.4,e8:fc:af:9b:c2:01,1,-68,Dina-new,74:da:38:c3:26:6d,2,-80
2017-11-01 19:35:26,LG-D855,32.17017705,35.08320539,342,1,Z_FRISH,10:be:f5:3e:5d:8e,7,-84
2017-11-01 19:35:28,LG-D855,32.17012943,35.08321534,343,1,SJSR,00:12:2a:31:e8:1c,1,-80
2017-11-01 19:35:30,LG-D855,32.17010297,35.08321569,343,1,moran,d0:d4:12:68:99:ca,1,-82
2017-11-01 19:35:33,LG-D855,32.17004099,35.0832107,341,2,Baras1,74:da:38:19:2f:38,2,-85,Bezeq-N2.4G_9eb4e8,ac:f1:df:9e:b4:e9,1,-82
2017-11-01 19:35:35,LG-D855,32.17001184,35.08320907,340,4,Dina-new,74:da:38:c3:26:6d,2,-72,Z_FRISH,10:be:f5:3e:5d:8e,7,-78,schneider11,80:37:73:ea:46:df,1,-86,liora1976,48:ee:0c:3d:1d:7e,9,-92
2017-11-01 19:35:38,LG-D855,32.16994336,35.08320788,340,4,schneider11,80:37:73:ea:46:df,1,-79,goldie,c4:12:f5:fc:88:66,10,-87,R2D2,f4:ec:38:bc:1f:3a,11,-88,Baras1,d0:0f:6d:81:df:11,2,-89
2017-11-01 19:35:40,LG-D855,32.16990614,35.08320838,341,5,shall00,14:ae:db:c5:95:92,1,-84,liora1976,48:ee:0c:3d:1d:7e,9,-85,BezeqFree,62:ee:0c:3d:1d:7f,9,-85,shakuy,14:ae:db:4e:1b:ed,11,-89,Avital_2.4GHz,c4:e9:84:d0:40:17,11,-92
2017-11-01 19:35:43,LG-D855,32.16984338,35.08322025,341,7,Baras1,74:da:38:19:2f:38,2,-80,R2D2,f4:ec:38:bc:1f:3a,11,-83,OSMAN DANA,14:ae:db:30:42:b2,10,-87,Ramras,e8:fc:af:80:10:52,11,-87,shall00_5,14:ae:db:c5:95:95,48,-91,schwartz3,00:12:17:d4:a4:45,6,-91,,fa:8f:ca:77:c1:ef,1,-76
2017-11-01 19:35:45,LG-D855,32.16981293,35.08322831,341,2,Baras1,d0:0f:6d:81:df:11,2,-81,HP-Print-A3-Deskjet 4640 series,ec:b1:d7:d5:89:a3,6,-90
2017-11-01 19:35:58,LG-D855,32.16954155,35.08321484,339,7,Fuld Fast,00:8c:54:8a:2f:31,1,-76,Master Yoda,f0:b4:29:26:12:b5,2,-78,HP-Print-A3-Deskjet 4640 series,ec:b1:d7:d5:89:a3,6,-82,Avital_2.4GHz,c4:e9:84:d0:40:17,11,-83,shakuy,14:ae:db:4e:1b:ed,11,-84,Newman,c8:be:19:0c:91:19,6,-90,GOLAN T,42502_22811_5358518,0,-97
2017-11-01 19:36:02,LG-D855,32.16946149,35.0832257,339,10,HP-Print-A3-Deskjet 4640 series,ec:b1:d7:d5:89:a3,6,-64,,fa:8f:ca:77:c1:ef,1,-70,BezeqFree,14:af:db:30:42:b2,10,-75,Avital_2.4GHz,c4:e9:84:d0:40:17,11,-78,OSMAN DANA,14:ae:db:30:42:b2,10,-78,avshalom,14:ae:db:5a:4a:55,1,-79,Avital_5GHz,c4:e9:84:d0:40:19,48,-81,Granny 2.4,d0:0e:d9:26:c5:61,7,-82,Granny2,cc:5d:4e:98:74:50,7,-87,Bezeq_5,14:ae:db:30:42:b5,48,-89
2017-11-01 19:36:07,LG-D855,32.16935535,35.08321749,338,6,Master Yoda,f0:b4:29:26:12:b5,2,-69,Levit_2,14:ae:db:59:c6:55,10,-79,Newman,c8:be:19:0c:91:19,6,-83,Mandel,00:16:e3:ef:f3:ec,6,-84,HILAS770,14:ae:db:56:42:7d,11,-86,HP-Print-00-Deskjet 2540 series,fc:15:b4:3b:57:00,11,-88
2017-11-01 19:36:13,LG-D855,32.16924487,35.08323372,339,6,HILAS770,14:ae:db:56:42:7d,11,-79,,b0:a7:37:96:c3:dd,1,-80,Kobi 2.4_2EX,74:da:38:7f:e1:7d,6,-81,HP-Print-00-Deskjet 2540 series,fc:15:b4:3b:57:00,11,-83,russhome,50:c7:bf:8a:6f:61,11,-90,sada,1c:af:f7:03:b2:d4,6,-84
2017-11-01 19:36:17,LG-D855,32.16917057,35.08324035,340,1,HILAS770,14:ae:db:56:42:7d,11,-73
2017-11-01 19:36:20,LG-D855,32.16910812,35.08323784,341,6,sada,1c:af:f7:03:b2:d4,6,-73,Kobi 2.4_2EX,74:da:38:7f:e1:7d,6,-74,321587255,c4:12:f5:ff:2d:c8,6,-82,BezeqFree,06:ae:db:b7:2f:f5,1,-83,lili,14:ae:db:b7:2f:f5,1,-84,gramps,c4:12:f5:fc:c3:08,2,-84
2017-11-01 19:36:23,LG-D855,32.16905213,35.08323505,342,7,Mandel,00:16:e3:ef:f3:ec,6,-79,the haris,f8:e9:03:0f:28:d2,6,-83,zeidy,ac:f1:df:9f:4a:d1,11,-83,Dror,14:ae:db:b0:cc:8d,11,-84,BezeqFree,06:ae:db:b0:cc:8d,11,-84,Kobi 5_5EX,74:da:38:7f:e1:7e,48,-89,harris1_5,f8:e9:03:0f:28:d3,60,-91
2017-11-01 19:36:25,LG-D855,32.16901286,35.08323733,343,3,HP-Print-B9-Deskjet 3510 series,74:46:a0:67:2c:b9,6,-84,Romhod,c4:12:f5:ff:13:ec,11,-85,GOLAN T,42502_22811_5358518,0,-91
2017-11-01 19:36:27,LG-D855,32.16896147,35.08323661,342,4,Tzachi.hayun,c4:12:f5:81:9f:9c,11,-82,harris1_5,f8:e9:03:0f:28:d3,60,-85,Tzachi.hayun_5,c4:12:f5:81:9f:9b,48,-88,Harris,00:0e:f4:dd:c2:1d,1,-85
2017-11-01 19:36:29,LG-D855,32.16891333,35.08324191,342,4,the haris,f8:e9:03:0f:28:d2,6,-67,harris1_5,f8:e9:03:0f:28:d3,60,-73,Mandel,00:16:e3:ef:f3:ec,6,-74,HP-Print-B9-Deskjet 3510 series,74:46:a0:67:2c:b9,6,-76
2017-11-01 19:36:31,LG-D855,32.16886935,35.08324923,340,3,gramps,c4:12:f5:fc:c3:08,2,-78,bezeq_56,e8:cc:18:ed:f4:5e,6,-91,mimibrwn3,e4:6f:13:6f:6a:48,5,-91
2017-11-01 19:36:33,LG-D855,32.16882362,35.08325085,339,1,gramps,c4:12:f5:fc:c3:08,2,-71
2017-11-01 19:36:35,LG-D855,32.16877843,35.08322852,339,1,GOLAN T,42502_22811_5358518,0,-77
2017-11-01 19:36:38,LG-D855,32.16870307,35.08322251,339,1,Levi,3c:1e:04:08:93:c4,1,-87
2017-11-01 19:36:40,LG-D855,32.16865752,35.08323749,337,4,Mandel,00:16:e3:ef:f3:ec,6,-65,HC-Home,e4:6f:13:72:ed:26,7,-84,Bugsy,10:be:f5:38:4d:d6,2,-87,hadad,c4:12:f5:83:e5:33,2,-89
2017-11-01 19:36:42,LG-D855,32.16861225,35.08323049,338,3,BezeqFree,52:12:f5:ff:13:ed,11,-88,Golan,10:be:f5:38:de:18,2,-89,,fa:8f:ca:53:9b:27,1,-92
2017-11-01 19:36:48,LG-D855,32.16849145,35.08322194,335,9,Levi,3c:1e:04:08:93:c4,1,-72,HC-Home,e4:6f:13:72:ed:26,7,-77,BezeqFree,62:6f:13:6f:6a:49,5,-82,hadar ,74:44:01:3b:22:00,11,-83,mimibrwn3,e4:6f:13:6f:6a:48,5,-83,DIRECT-85-HP DeskJet 3830 series,98:e7:f4:7c:75:e9,1,-87,Fuld Fast,00:8c:54:8a:2f:31,1,-89,DIRECT-79-HP DeskJet 4670 series,f4:30:b9:4a:e8:7a,6,-91,Bezeq Free,62:44:01:3b:22:01,11,-85
2017-11-01 19:36:50,LG-D855,32.1684449,35.08321106,334,1,ORILEVI,14:ae:db:a2:e0:95,6,-85
2017-11-01 19:36:52,LG-D855,32.16839543,35.08317868,336,1,,fa:8f:ca:53:9b:27,1,-80
2017-11-01 19:36:54,LG-D855,32.1683582,35.08319244,337,5,BezeqFree,62:6f:13:6f:6a:49,5,-76,mimibrwn3,e4:6f:13:6f:6a:48,5,-76,Muni_2_4,90:8d:78:54:08:9e,9,-94,Manhandasa2.4,c0:a0:bb:cb:91:92,11,-94,default,80:1f:02:56:3a:00,11,-91
2017-11-01 19:36:56,LG-D855,32.16830629,35.08320291,338,3,Bezeq Free,62:44:01:3b:22:01,11,-79,DIRECT-85-HP DeskJet 3830 series,98:e7:f4:7c:75:e9,1,-82,Mitchmindel,a4:52:6f:ff:83:b9,1,-87
2017-11-01 19:36:58,LG-D855,32.16826199,35.08319281,337,1,hadar ,74:44:01:3b:22:00,11,-77
2017-11-01 19:37:00,LG-D855,32.16822378,35.08319707,338,3,BezeqFree,62:6f:13:6f:6a:49,5,-70,mimibrwn3,e4:6f:13:6f:6a:48,5,-70,Manhandasa2.4,c0:a0:bb:cb:91:92,11,-87
2017-11-01 19:37:02,LG-D855,32.16818113,35.08320125,338,2,Romhod,c4:12:f5:ff:13:ec,11,-80,Lankri,84:26:15:ea:3e:33,11,-93
2017-11-01 19:37:04,LG-D855,32.1681369,35.08319453,338,2,ORILEVI,14:ae:db:a2:e0:95,6,-80,BezeqFree,52:12:f5:ff:13:ed,11,-80
2017-11-01 19:37:08,LG-D855,32.16806456,35.0831859,340,3,BezeqFree,52:12:f5:ff:13:ed,11,-75,Tzadok,a0:4f:d4:3d:bb:f1,1,-83,KasdaDE1205,00:0e:f4:de:12:06,1,-87
2017-11-01 19:37:10,LG-D855,32.16802473,35.08317784,340,5,KasdaDE1205,00:0e:f4:de:12:06,1,-81,BezeqFree,14:af:db:30:6f:8a,8,-81,Lankri,84:26:15:ea:3e:33,11,-86,shayel_5,14:ae:db:30:6f:8d,48,-91,Gbswifi,e4:6f:13:6f:ec:a2,9,-89
2017-11-01 19:37:12,LG-D855,32.16797057,35.08315936,341,6,Romhod,c4:12:f5:ff:13:ec,11,-71,KasdaDE1205,00:0e:f4:de:12:06,1,-76,Manhandasa2.4,c0:a0:bb:cb:91:92,11,-81,golandudu,d0:0f:6d:f0:d0:53,1,-86,Zoaretz Home,f8:1a:67:a3:59:96,8,-90,default,80:1f:02:56:3a:00,11,-82
2017-11-01 19:37:14,LG-D855,32.16791804,35.08313466,340,2,ORILEVI,14:ae:db:a2:e0:95,6,-72,,62:45:b1:87:59:29,44,-92
2017-11-01 19:37:16,LG-D855,32.1678741,35.08312599,340,2,ORILEVI,14:ae:db:a2:e0:95,6,-65,golandudu,d0:0f:6d:f0:d0:53,1,-79
2017-11-01 19:37:18,LG-D855,32.16784329,35.08311954,340,1,Lankri,84:26:15:ea:3e:33,11,-81
2017-11-01 19:37:20,LG-D855,32.16778842,35.08308392,340,1,bz40765283,14:ae:db:b5:2f:75,11,-82
2017-11-01 19:37:22,LG-D855,32.16774766,35.0830692,341,4,Lankri,84:26:15:ea:3e:33,11,-72,Tzadok,a0:4f:d4:3d:bb:f1,1,-74,,fa:8f:ca:8e:63:99,4,-87,GOLAN T,42502_22811_5358518,0,-89
2017-11-01 19:37:24,LG-D855,32.16769993,35.08304495,340,1,BezeqFree,06:ae:db:b5:2f:75,11,-75
2017-11-01 19:37:26,LG-D855,32.16765827,35.08303332,339,2,BezeqFree,06:ae:db:b5:2f:75,11,-66,bz40765283,14:ae:db:b5:2f:75,11,-70
2017-11-01 19:37:32,LG-D855,32.16755341,35.08296705,339,1,Dlink 225,10:be:f5:3c:1f:2e,1,-85
2017-11-01 19:37:48,LG-D855,32.16730278,35.08281255,340,1,preiser10,9c:d6:43:23:a4:c7,6,-80
2017-11-01 19:37:50,LG-D855,32.16726363,35.08277998,341,1,preiser10,9c:d6:43:23:a4:c7,6,-75
2017-11-01 19:37:52,LG-D855,32.16721642,35.08275086,341,3,BezeqFree,72:be:f5:3d:c3:39,2,-75,joshen,c8:d3:a3:ef:1e:13,6,-83,Golan,10:be:f5:38:de:18,2,-93
2017-11-01 19:38:02,LG-D855,32.16703189,35.08262605,342,1,BezeqFree,72:be:f5:3d:c3:39,2,-65
2017-11-01 19:38:04,LG-D855,32.16699981,35.08260149,344,1,rachimi,10:be:f5:3d:c3:38,2,-66
2017-11-01 19:38:06,LG-D855,32.16695663,35.0825671,344,1,AndroidAP-rachimi,4e:66:41:82:95:b5,2,-73
2017-11-01 19:38:21,LG-D855,32.1668796,35.08281889,340,1,Mi Phone atara,10:2a:b3:31:0c:50,6,-89
2017-11-01 19:38:27,LG-D855,32.16693598,35.08293863,341,1,Azrieli,f8:e9:03:13:21:5d,1,-93
2017-11-01 19:38:29,LG-D855,32.16696716,35.0829832,344,1,DIRECT-79-HP DeskJet 4670 series,f4:30:b9:4a:e8:7a,6,-88
2017-11-01 19:38:31,LG-D855,32.16698798,35.08301601,343,1,Kathem east,84:16:f9:22:d6:18,7,-92
2017-11-01 19:38:36,LG-D855,32.16705032,35.08311663,346,1,Home_2GExt,78:d9:9f:ef:d4:26,1,-90
2017-11-01 19:38:52,LG-D855,32.16719902,35.0833994,343,1,bezeq_56,e8:cc:18:ed:f4:5e,6,-89
2017-11-01 19:38:54,LG-D855,32.16719628,35.08343868,344,1,zeira_white,a4:2b:b0:e0:3f:e4,11,-91
2017-11-01 19:38:57,LG-D855,32.16721927,35.08350159,346,1,,a0:4f:d4:43:ab:82,1,-67
2017-11-01 19:38:59,LG-D855,32.16722427,35.08354772,345,1,wifig,a0:21:b7:82:5d:90,11,-88
2017-11-01 19:39:01,LG-D855,32.16723518,35.08359216,345,2,zeira_white_5,10:5a:f7:01:c3:c2,52,-91,Orange-Rachel,00:12:2a:10:15:8f,6,-90
2017-11-01 19:39:06,LG-D855,32.1672417,35.08367585,346,1,AEH-W4A1-b0411d245866,b0:41:1d:24:58:66,9,-92
2017-11-01 19:39:16,LG-D855,32.16735723,35.08378154,351,1,lior2.4,02:1f:c6:8b:50:40,11,-78
2017-11-01 19:39:18,LG-D855,32.1673825,35.08379093,352,2,BezeqFree,62:6f:13:70:6d:13,11,-76,O&M,e4:6f:13:70:6d:12,11,-75
2017-11-01 19:39:22,LG-D855,32.16743181,35.08380707,356,1,haim_the_king,84:26:15:ea:57:03,1,-91
2017-11-01 19:39:24,LG-D855,32.16744753,35.08382261,356,1,DIRECT-2F-HP DeskJet 3830 series,30:e1:71:08:d5:30,5,-75
2017-11-01 19:39:28,LG-D855,32.16748933,35.08384219,352,3,komemi,c4:12:f5:85:19:10,9,-87,Golan,10:be:f5:38:de:18,2,-90,home2.4,a0:21:b7:7c:aa:91,6,-92
2017-11-01 19:39:33,LG-D855,32.16755702,35.08386737,352,1,,62:45:b0:90:65:6f,48,-84
2017-11-01 19:39:35,LG-D855,32.16759257,35.08388101,352,1,roi,14:ae:db:4c:f9:05,1,-93
2017-11-01 19:39:36,LG-D855,32.16760824,35.08388251,351,1,nomi hadad,00:12:2a:32:10:3c,6,-88
2017-11-01 19:39:42,LG-D855,32.16767683,35.08390679,350,4,Roni_m,c8:be:19:11:73:2c,6,-77,Eldan,14:ae:db:c9:dd:4a,5,-89,BezeqFree,14:af:db:c9:dd:4a,5,-90,YAFIT_WiFi,c4:12:f5:ff:a7:12,7,-92
2017-11-01 19:39:46,LG-D855,32.16772663,35.08394515,352,2,BezeqFree,14:af:db:3c:e7:b2,5,-91,shalom_lev_2.4,14:ae:db:3c:e7:b2,5,-92
2017-11-01 19:39:48,LG-D855,32.16774604,35.08394524,352,1,hershkovich,d0:0f:6d:c1:51:6d,9,-78
2017-11-01 19:39:50,LG-D855,32.16776262,35.08395524,353,2,Golan,10:be:f5:38:de:18,2,-84,Eldan_5,14:ae:db:c9:dd:4d,48,-92
2017-11-01 19:39:52,LG-D855,32.16778252,35.08396837,354,2,AHARON,14:ae:db:b3:b3:85,4,-76,BezeqFree,06:ae:db:b3:b3:85,4,-77
2017-11-01 19:39:55,LG-D855,32.16781676,35.08396449,354,2,TSUUB1,a0:ab:1b:5d:35:70,6,-77,shayel_5,14:ae:db:30:6f:8d,48,-85
2017-11-01 19:39:57,LG-D855,32.16784742,35.08397137,354,5,BezeqFree,06:ae:db:b3:b3:85,4,-68,AHARON,14:ae:db:b3:b3:85,4,-70,vbalin,a0:4f:d4:45:30:c1,1,-82,YAFIT_WiFi,c4:12:f5:ff:a7:12,7,-86,Davidi_1,c4:12:f5:7e:fe:02,11,-88
2017-11-01 19:39:59,LG-D855,32.16786594,35.08397785,356,3,vbalin,a0:4f:d4:45:30:c1,1,-75,haim_the_king,84:26:15:ea:57:03,1,-83,Bezeq-NGN_E91FDF,cc:b2:55:e9:1f:e0,6,-92
2017-11-01 19:40:01,LG-D855,32.16788329,35.08397502,355,4,Roni_m,c8:be:19:11:73:2c,6,-71,shayel,14:ae:db:30:6f:8a,8,-78,shayel_5,14:ae:db:30:6f:8d,48,-80,Dvorusya2.4,9c:3d:cf:16:04:16,1,-85
2017-11-01 19:40:02,LG-D855,32.16789392,35.08397289,355,3,shayel_5,14:ae:db:30:6f:8d,48,-67,merav2,d0:0f:6d:81:fc:17,8,-92,BEZEQINT-1D11,14:ae:db:4e:1d:15,6,-92
2017-11-01 19:40:04,LG-D855,32.16790011,35.08394626,355,2,shayel,14:ae:db:30:6f:8a,8,-67,BezeqFree,14:af:db:30:6f:8a,8,-66
2017-11-01 19:40:10,LG-D855,32.16792124,35.08389508,356,1,vbalin,a0:4f:d4:45:30:c1,1,-69
2017-11-01 19:40:12,LG-D855,32.16791792,35.08387558,355,1,BEZEQINT-1D11,14:ae:db:4e:1d:15,6,-84
2017-11-01 19:40:13,LG-D855,32.16792169,35.08386453,354,1,BEZEQINT-1D11,14:ae:db:4e:1d:15,6,-79
2017-11-01 19:40:16,LG-D855,32.16792507,35.08386372,353,1,AHARON,14:ae:db:b3:b3:85,4,-64
2017-11-01 19:40:17,LG-D855,32.16793744,35.08385334,353,1,BEZEQINT-1D11,14:ae:db:4e:1d:15,6,-69
2017-11-01 19:40:23,LG-D855,32.16794996,35.08380022,353,1,BEZEQINT-1D11,14:ae:db:4e:1d:15,6,-54
2017-11-01 19:40:48,LG-D855,32.1679464,35.08379605,350,1,vbalin,a0:4f:d4:45:30:c1,1,-57
2017-11-01 19:41:19,LG-D855,32.16782789,35.08354443,342,1,BEZEQINT-1D11,14:ae:db:4e:1d:15,6,-46
